rho,V_C,V_D,f_C
0.6,200645.629867447,62253.8076255401,0.763202963767465
0.6,200645.110108473,62345.5253480486,0.762936329501528
0.6,200643.33002713,62438.7677959615,0.762664322990353
0.6,200640.29086887,62531.9387993574,0.762391575744184
0.6,200635.995734344,62625.0362613194,0.762118093260567
0.6,200630.447829514,62718.0580964955,0.761843881073254
0.6,200623.513131956,62812.7184787299,0.761563858947252
0.6,200615.285843638,62907.2960765543,0.761283091497617
0.6,200605.769547237,63001.7887201926,0.761001584574152
0.6,200594.967933351,63096.1942513956,0.760719344066642
0.6,200582.633809299,63192.3682048513,0.760430792446885
0.6,200568.971146118,63288.4470789865,0.760141490412851
0.6,200553.984056274,63384.4286230056,0.759851444207834
0.6,200537.676762938,63480.3105974953,0.759560660119597
0.6,200519.667596679,63578.1105074814,0.759262985989961
0.6,200500.291015974,63675.8019204354,0.75896455575273
0.6,200479.551719713,63773.3824945777,0.758665376094322
0.6,200457.454520469,63870.8498993068,0.758365453750747
0.6,200433.456633836,63970.409100914,0.758057965895669
0.6,200408.048901643,64069.8450522514,0.757749715507714
0.6,200381.236677257,64169.1553084307,0.757440709776373
0.6,200353.025431042,64268.3374351026,0.757130955947756
0.6,200322.677419815,64369.8158741988,0.75681283940796
0.6,200290.872760022,64471.1547002419,0.756493953008734
0.6,200257.61754271,64572.3513498442,0.756174304517468
0.6,200222.917979556,64673.4032695063,0.755853901765972
0.6,200185.79757691,64776.9952829352,0.755524182909713
0.6,200147.168272295,64880.4293509372,0.755193685741466
0.6,200107.036997889,64983.7027723457,0.754862418699839
0.6,200065.410810621,65086.8128548744,0.754530390297669
0.6,200021.016589493,65192.7581457614,0.754187887824306
0.6,199975.054305761,65298.5247060182,0.7538445971541
0.6,199927.531864124,65404.1096718232,0.753500527516383
0.6,199878.457298877,65509.5101866386,0.753155688227598
0.6,199826.182461668,65618.1097334297,0.752798942517094
0.6,199772.271475598,65726.506645495,0.752441396865799
0.6,199716.733388798,65834.6978637161,0.752083061449917
0.6,199659.577384868,65942.6803338427,0.751723946549882
0.6,199598.670947853,66054.3202392134,0.751351114308743
0.6,199536.048466912,66165.7295404434,0.75097746790911
0.6,199471.720362603,66276.9049387862,0.750603018684967
0.6,199405.697198275,66387.8431368301,0.750227778097503
0.6,199335.204166318,66503.0318368254,0.749836468836488
0.6,199262.899113295,66617.9565007169,0.749444327810392
0.6,199188.79414969,66732.6135283766,0.74905136780426
0.6,199112.901538221,66846.9993158668,0.748657601761775
0.6,199031.566138934,66966.4284567255,0.748244611548594
0.6,198948.300031362,67085.5525071636,0.747830767148521
0.6,198863.11747561,67204.367475897,0.747416083223602
0.6,198776.032897074,67322.8693596518,0.747000574640852
0.6,198682.132439017,67447.5194198468,0.746561426174277
0.6,198586.148993022,67571.8121728079,0.746121393939041
0.6,198488.099671835,67695.7430986925,0.745680495126626
0.6,198388.001772756,67819.3076521818,0.745238747205382
0.6,198279.03934829,67950.6448856673,0.744766835143922
0.6,198167.788848548,68081.5551777721,0.744293998444398
0.6,198054.271394299,68212.0332545814,0.743820257901084
0.6,197938.508321992,68342.0737928062,0.74334563470594
0.6,197810.589336716,68482.4508609731,0.742830489260502
0.6,197680.08711746,68622.3017417866,0.742314359117309
0.6,197547.028885609,68761.6200011835,0.741797270615818
0.6,197411.442135743,68900.3991080564,0.741279250722537
0.6,197257.870661054,69053.9455707798,0.740702659957582
0.6,197101.249633338,69206.8100182652,0.740124988673625
0.6,196941.616706645,69358.9840252218,0.739546272766173
0.6,196779.009937065,69510.4589567447,0.738966549276254
0.6,196613.383040143,69661.3022643155,0.738385561569006
0.6,196444.855193158,69811.4291356955,0.737803637905983
0.6,196273.464259167,69960.8315008069,0.737220814091206
0.6,196099.248444358,70109.5010679016,0.73663712708033
0.6,195924.867775194,70255.2605678512,0.736061211611905
0.6,195747.817859289,70400.2932771045,0.7354845278574
0.6,195568.134858692,70544.5917972512,0.734907109916399
0.6,195385.855213046,70688.1485241997,0.734328992944362
0.6,195201.298943992,70830.7388536527,0.733751094642482
0.6,195014.225974,70972.575062,0.733172568016282
0.6,194824.67206068,71113.6500829848,0.732593446819718
0.6,194632.673220936,71253.9566503162,0.73201376584893
0.6,194435.877433995,71395.1860508712,0.731426473960837
0.6,194236.65016953,71535.61369121,0.730838678754328
0.6,194035.028092675,71675.2325359219,0.730250414995799
0.6,193831.04815407,71814.0353465768,0.7296617185599
0.6,193640.713984557,71941.4199362303,0.729117998736738
0.6,193448.430865101,72068.0978800282,0.728573967802936
0.6,193254.227231575,72194.0638361333,0.72802965298534
0.6,193058.131698445,72319.3123504107,0.727485082202025
0.6,192879.709235508,72431.6322449618,0.72699383358139
0.6,192699.792149215,72543.3605868401,0.726502419238591
0.6,192518.400972467,72654.4935798057,0.726010859056774
0.6,192335.556327737,72765.0273738094,0.725519173297147
0.6,192161.545458163,72868.8716130545,0.725054684596924
0.6,191986.273355843,72972.1748035965,0.724590118524225
0.6,191809.757034515,73074.9338402503,0.724125491741615
0.6,191632.013568311,73177.1455838581,0.723660821181008
0.6,191460.584230619,73274.5572339289,0.723215600208703
0.6,191288.058778642,73371.4609735763,0.722770369105676
0.6,191114.451912501,73467.8541476679,0.722325142441837
0.6,190939.778377663,73563.7340784827,0.721879934994514
0.6,190770.608952985,73655.5595912899,0.721451322322673
0.6,190600.477253801,73746.904551057,0.721022754046048
0.6,190429.396158951,73837.7666511282,0.72059424309106
0.6,190257.378582815,73928.1435698905,0.720165802548566
0.6,190089.999544345,74015.1569354247,0.719751185770225
0.6,189921.76666416,74101.7115359577,0.719336658841408
0.6,189752.691398974,74187.8053336105,0.718922233412423
0.6,189582.785234759,74273.4362807438,0.7185079212681
0.6,189416.841757703,74356.2286075578,0.718105307321203
0.6,189250.134310673,74438.5798303994,0.717702822159559
0.6,189082.673210945,74520.4881244105,0.717300476417255
0.6,188914.468800892,74601.9516587071,0.716898280841119
0.6,188749.715666681,74680.9715531985,0.716506181032493
0.6,188584.274699189,74759.5650063042,0.716114244062399
0.6,188418.15527849,74837.7303666789,0.715722479733846
0.6,188251.366806567,74915.4659799162,0.715330897945267
0.6,188087.627669892,74991.0658224007,0.714948159324815
0.6,187923.266294229,75066.2516169739,0.71456561381918
0.6,187758.29127287,75141.0218568434,0.714183270536849
0.6,187592.711218944,75215.3750343643,0.713801138668664
0.6,187429.857179174,75287.8380997439,0.713426847705049
0.6,187266.438186297,75359.8977483508,0.713052777132361
0.6,187102.462162455,75431.552595905,0.712678935469245
0.6,186937.937048163,75502.8012590341,0.712305331306243
0.6,186775.873074069,75572.3595504237,0.711938751047
0.6,186613.294743133,75641.5236589502,0.711572416019528
0.6,186450.20939708,75710.2923058204,0.711206334234053
0.6,186286.624394958,75778.66421458,0.710840513764165
0.6,186125.280113572,75845.5107793273,0.710481040573966
0.6,185963.466586714,75911.9712680411,0.71012183544245
0.6,185801.190648516,75978.0444939208,0.709762905936445
0.6,185638.459149814,76043.7292736414,0.709404259679351
0.6,185477.782451974,76108.0269436651,0.709051392659629
0.6,185316.677053172,76171.9457217087,0.70869881483415
0.6,185155.149339313,76235.4845021326,0.708346533378944
0.6,184993.205712608,76298.6421837246,0.707994555520936
0.6,184833.158227202,76360.5299275938,0.707647874391441
0.6,184672.718731957,76422.0451985324,0.707301502151617
0.6,184511.893213959,76483.1869631294,0.70695544563049
0.6,184350.687675977,76543.9541933592,0.70660971170234
0.6,184191.24149089,76603.5518391664,0.706268860428442
0.6,184031.436698375,76662.7827898605,0.705928336499536
0.6,183871.278927695,76721.6460770526,0.705588146433158
0.6,183710.773823808,76780.140738382,0.705248296788288
0.6,183551.909080273,76837.5525481713,0.704912971256062
0.6,183392.716296301,76894.6028982621,0.704577990444537
0.6,183233.200778584,76951.2908790905,0.704243360590701
0.6,183073.367849084,77007.6155878652,0.703909087968617
0.6,182915.07093946,77062.9330131732,0.70357902652713
0.6,182756.474090303,77117.8937515637,0.703249326234091
0.6,182597.582315525,77172.4969472203,0.702919993071397
0.6,182438.400644352,77226.7417516239,0.70259103305496
0.6,182280.662850502,77280.0455871873,0.702266009164714
0.6,182122.651056168,77332.9971112877,0.701941362011221
0.6,181964.370008334,77385.5955174985,0.701617097343356
0.6,181805.824469387,77437.8400071548,0.701293220941328
0.6,181648.640915015,77489.2020994741,0.700973037368605
0.6,181491.207390644,77540.2159124843,0.700653245371918
0.6,181333.528399013,77590.8806853582,0.700333850486552
0.6,181175.608458119,77641.1956655303,0.700014858276214
0.6,181018.977300667,77690.6802823852,0.699699342466778
0.6,180862.118508208,77739.8203538814,0.699384232399976
0.6,180705.036359057,77788.6151615454,0.699069533414265
0.6,180547.735146669,77837.0639956187,0.698755250873891
0.6,180391.656943241,77884.7289376726,0.698444251215503
0.6,180235.371925181,77932.0528080637,0.698133670858793
0.6,180078.884163647,77979.0349279222,0.697823514959631
0.6,179922.197745105,78025.6746274233,0.697513788697824
0.6,179766.674951145,78071.5721392036,0.697207171471939
0.6,179610.964802593,78117.1318250886,0.696900986554299
0.6,179455.071179159,78162.353043292,0.696595238931513
0.6,179298.997975779,78207.2351614517,0.696289933611924
0.6,179144.03454831,78251.4126838611,0.695987580490193
0.6,178988.901999272,78295.2554257283,0.695685672179206
0.6,178833.604030559,78338.7627802514,0.695384213507349
0.6,178678.144359344,78381.9341503617,0.695083209322982
0.6,178523.74543693,78424.4349486654,0.694785015286056
0.6,178369.194514077,78466.6038351727,0.694487278099479
0.6,178214.495127235,78508.4402361645,0.694190002443556
0.6,178059.650828339,78549.9435879005,0.693893193017223
0.6,177905.822477564,78590.807277941,0.693599064623756
0.6,177751.858236121,78631.3417689107,0.69330540469357
0.6,177597.761486297,78671.5465184499,0.693012217768221
0.6,177443.535625792,78711.4209944771,0.692719508406152
0.6,177290.284628236,78750.6839898761,0.692429362320787
0.6,177136.912926746,78789.6203607731,0.69213969591712
0.6,176983.423759278,78828.2295947264,0.691850513605649
0.6,176829.820379407,78866.5111897779,0.691561819812661
0.6,176677.154069463,78904.2070795231,0.691275581580742
0.6,176524.381396673,78941.5787969571,0.690989833881886
0.6,176371.505463973,78978.6258581644,0.690704581003215
0.6,176218.529389985,79015.3477899377,0.690419827246376
0.6,176066.455511433,79051.5076646736,0.690137430228287
0.6,175914.288834417,79087.3457106579,0.68985553425275
0.6,175762.032335111,79122.8614713059,0.689574143490045
0.6,175609.689005438,79158.0545009497,0.689293262123802
0.6,175458.215603098,79192.7072314655,0.689014646599518
0.6,175306.662251066,79227.0403803726,0.688736542307357
0.6,175155.031806282,79261.0535173388,0.688458953306676
0.6,175003.327141638,79294.7462231116,0.688181883669342
0.6,174852.462465707,79327.9187030323,0.687906996054232
0.6,174701.530027781,79360.7737628908,0.687632629560511
0.6,174550.53257264,79393.310997591,0.687358788142333
0.6,174399.472860936,79425.5300133294,0.687085475765074
0.6,174249.225291209,79457.2473693045,0.686814267937
0.6,174098.921535117,79488.6493907704,0.686543590837102
0.6,173948.564231599,79519.7356969838,0.686273448319221
0.6,173798.156035375,79550.505918692,0.686003844247203
0.6,173648.534020641,79580.7916935749,0.685736272964742
0.6,173498.866827149,79610.7641521028,0.685469241750707
0.6,173349.156993658,79640.4229371086,0.685202754362835
0.6,173199.407074899,79669.7677030432,0.684936814568224
0.6,173050.419078645,79698.6440174519,0.684672840954706
0.6,172901.396382625,79727.2089740151,0.684409416497143
0.6,172752.341431051,79755.4622383473,0.684146544861762
0.6,172603.256684152,79783.4034878298,0.6838842297233
0.6,172454.911145347,79810.8911811601,0.683623818824792
0.6,172306.540893414,79838.0694223724,0.683363965930571
0.6,172158.148282862,79864.9378992069,0.683104674618934
0.6,172009.735684254,79891.4963113081,0.682845948475886
0.6,171862.04097934,79917.6150674817,0.682589068861783
0.6,171714.331088008,79943.4262307486,0.682332755872532
0.6,171566.608279722,79968.9295103355,0.682077013002111
0.6,171418.87484004,79994.1246275029,0.681821843751441
0.6,171271.839255915,80018.8930855213,0.681568467169743
0.6,171124.797581883,80043.3557689502,0.681315665616472
0.6,170977.752006695,80067.5124079135,0.681063442504616
0.6,170830.704735084,80091.3627447135,0.680811801253145
0.6,170684.336445284,80114.7985972994,0.680561902321965
0.6,170537.970759032,80137.9304578062,0.680312586615633
0.6,170391.609788201,80160.7580767391,0.680063857468911
0.6,170245.255660812,80183.2812168724,0.679815718222098
0.6,170099.562706827,80205.4012982846,0.679569274156918
0.6,169953.880671479,80227.2191389574,0.679323421314615
0.6,169808.211593556,80248.7345092618,0.679078162954668
0.6,169662.557528023,80269.9471919445,0.678833502341435
0.6,169517.547803667,80290.7675565777,0.678590492711215
0.6,169372.556957394,80311.2874048376,0.678348082111691
0.6,169227.58695841,80331.5065264877,0.678106273729716
0.6,169082.639792114,80351.4247237678,0.677865070756397
0.6,168938.321031433,80370.9607165303,0.677625477266504
0.6,168794.028773618,80390.1978941184,0.677386490432594
0.6,168649.76492147,80409.1360652604,0.677148113371204
0.6,168505.531393992,80427.7750512542,0.67691034920253
0.6,168361.911160804,80446.0413709231,0.676674155498848
0.6,168218.324739837,80464.0105569307,0.676438575900824
0.6,168074.773970402,80481.6824365731,0.676203613456752
0.6,167931.260708167,80499.0568497867,0.675969271218245
0.6,167788.346389797,80516.0676057941,0.675736462714579
0.6,167645.472895225,80532.7828931593,0.675504275596861
0.6,167502.642003237,80549.2025573454,0.675272712847445
0.6,167359.855508838,80565.3264565555,0.675041777451227
0.6,167217.654310494,80581.0952204051,0.674812341172218
0.6,167075.500666153,80596.5701670439,0.674583533395962
0.6,166933.39629672,80611.751159741,0.674355357040803
0.6,166791.34293932,80626.638074583,0.674127815027105
0.6,166649.861878433,80641.1779265073,0.673901739464091
0.6,166508.43483567,80655.4256017067,0.673676299362777
0.6,166367.063476537,80669.380980916,0.673451497579299
0.6,166225.74948262,80683.0439577739,0.673227336971085
0.6,166084.995387866,80696.3675286257,0.673004611957134
0.6,165944.301523274,80709.4005547393,0.672782529210885
0.6,165803.66950124,80722.1429339969,0.672561091527879
0.6,165663.100950373,80734.5945772386,0.672340301704683
0.6,165523.080458186,80746.7140868846,0.672120918295943
0.6,165383.12616931,80758.5446774966,0.671902183812837
0.6,165243.239645226,80770.086263798,0.671684100991884
0.6,165103.422463619,80781.3387735325,0.671466672570163
0.6,164964.14201984,80792.2660653561,0.671250622944701
0.6,164824.933525824,80802.90605962,0.671035228759109
0.6,164685.798494158,80813.2586875998,0.670820492692284
0.6,164546.738453619,80823.3238936499,0.67060641742324
0.6,164408.20431091,80833.0704664069,0.67039369478158
0.6,164269.747649036,80842.5313607237,0.670181633954353
0.6,164131.369933593,80851.706524152,0.669970237564156
0.6,163993.072646495,80860.5959173672,0.669759508233476
0.6,163855.290866431,80869.1729538727,0.669550106714083
0.6,163717.591893412,80877.4659304322,0.669341373247698
0.6,163579.97714807,80885.4748105938,0.669133310402197
0.6,163442.448067198,80893.1995710896,0.668925920744715
0.6,163305.424522619,80900.6179644791,0.668719835346608
0.6,163168.488916486,80907.7539173682,0.668514424107868
0.6,163031.642626165,80914.6074090504,0.668309689542799
0.6,162894.887045016,80921.1784320568,0.668105634164349
0.6,162758.627419396,80927.4488099914,0.667902860671397
0.6,162622.460678012,80933.4383692764,0.667700767315175
0.6,162486.388156557,80939.1471047075,0.667499356557491
0.6,162350.411206839,80944.5750243545,0.667298630858607
0.6,162214.920998423,80949.7077709063,0.66709916577671
0.6,162079.528443308,80954.5613243946,0.666900386683314
0.6,161944.234836935,80959.1356948864,0.6667022959886
0.6,161809.041490972,80963.430905757,0.66650489610103
0.6,161674.326013526,80967.4361816515,0.6663087365953
0.6,161539.712789613,80971.1638950366,0.666113268806793
0.6,161405.203076081,80974.6140710151,0.665918495095353
0.6,161270.798145981,80977.7867480355,0.665724417818733
0.6,161136.862533981,80980.6745090471,0.665531561661906
0.6,161003.033614819,80983.2863441956,0.66533940283107
0.6,160869.312608057,80985.6222934015,0.665147943636551
0.6,160735.700749432,80987.6824099655,0.664957186386223
0.6,160602.549958713,80989.4624239732,0.664767631904633
0.6,160469.510146249,80990.9681558894,0.664578780240194
0.6,160336.58249578,80992.1996602371,0.664390633654811
0.6,160203.768207058,80993.1570049522,0.664203194407392
0.6,160071.407019282,80993.8388674802,0.664016940436423
0.6,159939.160948226,80994.248099761,0.663831394658806
0.6,159807.031143029,80994.384770715,0.663646559288806
0.6,159675.018768669,80994.2489627023,0.663462436537157
0.6,159543.451794599,80993.8421112614,0.663279482378478
0.6,159412.00393509,80993.1642903614,0.663097241676576
0.6,159280.676305878,80992.2155831192,0.662915716598872
0.6,159149.470038502,80990.9960861151,0.662734909308929
0.6,159018.701720596,80989.5098133811,0.662555254690043
0.6,158888.056380659,80987.7542417145,0.662376318680961
0.6,158757.535102029,80985.7294682322,0.662198103402827
0.6,158627.138983949,80983.4356035368,0.662020610972791
0.6,158497.173601162,80980.879069481,0.661844256012658
0.6,158367.334930908,80978.0549174885,0.661668624706828
0.6,158237.624025302,80974.9632584859,0.661493719131001
0.6,158108.04195233,80971.6042169042,0.661319541356574
0.6,157978.883623119,80967.9864599711,0.661146486531438
0.6,157849.855617573,80964.1027772313,0.660974160298527
0.6,157720.958957666,80959.9532932365,0.66080256468883
0.6,157592.194681206,80955.5381460591,0.660631701728727
0.6,157463.847367207,80950.8680934551,0.66046194784142
0.6,157335.633869836,80945.9338189212,0.66029292737971
0.6,157207.555181824,80940.7354604499,0.660124642330386
0.6,157079.612311699,80935.2731695673,0.659957094675334
0.6,156952.079821726,80929.5596467563,0.659790642827317
0.6,156824.684527858,80923.583618188,0.659624929135224
0.6,156697.427394613,80917.3452351206,0.659459955542363
0.6,156570.30940227,80910.8446623575,0.659295723986845
0.6,156443.595395425,80904.0964017767,0.659132575551213
0.6,156317.021855466,80897.0873644173,0.658970169900685
0.6,156190.589719556,80889.8177146273,0.658808508935588
0.6,156064.299940446,80882.2876303011,0.658647594550601
0.6,155938.407930968,80874.5132794723,0.658487751149337
0.6,155812.659554752,80866.4798941061,0.65832865506265
0.6,155687.055722378,80858.1876514637,0.658170308148309
0.6,155561.597360107,80849.6367423662,0.658012712258329
0.6,155436.530721123,80840.8448713535,0.657856175739885
0.6,155311.61078145,80831.7957217176,0.657700390967158
0.6,155186.838426038,80822.4894834727,0.65754535975603
0.6,155062.214555481,80812.9263601976,0.657391083916356
0.6,154937.976521672,80803.1254683989,0.657237856333588
0.6,154813.88815699,80793.0690679445,0.657085384830928
0.6,154689.950321504,80782.7573614336,0.656933671182789
0.6,154566.163890879,80772.1905650327,0.65678271715729
0.6,154442.757562945,80761.3890875412,0.656632800749246
0.6,154319.503781414,80750.3338857448,0.656483644660183
0.6,154196.403382308,80739.0251746735,0.656335250623594
0.6,154073.45721708,80727.4631829126,0.656187620366266
0.6,153950.885565926,80715.6694963936,0.656041017541004
0.6,153828.469249593,80703.6238846152,0.65589517917945
0.6,153706.20908065,80691.3265748665,0.65575010697444
0.6,153584.105887188,80678.7778080022,0.655605802612005
0.6,153462.371756934,80666.0002360146,0.655462515929321
0.6,153340.795664495,80652.9725527768,0.65531999776213
0.6,153219.378399639,80639.6949976744,0.655178249762959
0.6,153098.120767744,80626.1678236685,0.655037273577434
0.6,152977.226880396,80612.4146417198,0.654897305734819
0.6,152856.493651626,80598.4131777266,0.654758110367578
0.6,152735.921849197,80584.163683029,0.654619689088453
0.6,152615.512256307,80569.6664225228,0.65448204350289
0.6,152495.461214189,80554.94586251,0.654345397319994
0.6,152375.573372405,80539.9788650721,0.654209527481639
0.6,152255.849477221,80524.7656933354,0.654074435560987
0.6,152136.290290426,80509.3066239898,0.653940123123813
0.6,152017.084580991,80493.6268785306,0.653806801530759
0.6,151898.04453751,80477.7025558499,0.653674260061585
0.6,151779.170885536,80461.5339307298,0.653542500250394
0.6,151660.464365975,80445.1212914909,0.653411523623523
0.6,151542.10636502,80428.4905177582,0.653281529648341
0.6,151423.916422543,80411.6170427738,0.653152319487714
0.6,151305.895243848,80394.5011528098,0.653023894636853
0.6,151188.043549547,80377.1431476648,0.652896256582973
0.6,151070.535525225,80359.5694710135,0.652769593340851
0.6,150953.197881395,80341.7549849619,0.652643717516034
0.6,150836.031303759,80323.6999871356,0.65251863056522
0.6,150719.036493288,80305.4047886744,0.652394333936891
0.6,150602.380608883,80286.8963058071,0.652271004618929
0.6,150485.897359235,80268.1489214044,0.652148466234115
0.6,150369.587410954,80249.1629442934,0.652026720200864
0.6,150253.451445874,80229.9386968011,0.651905767929147
0.6,150137.649764094,80210.5034788858,0.651785775793579
0.6,150022.022906085,80190.8312834047,0.651666578020882
0.6,149906.571519927,80170.9224302492,0.651548175991476
0.6,149791.296268763,80150.7772527726,0.651430571076998
0.6,149676.350754405,80130.4233480655,0.651313919439401
0.6,149561.582190055,80109.8344059498,0.651198065509109
0.6,149446.991205649,80089.0107572165,0.651083010628662
0.6,149332.578446265,80067.9527461215,0.650968756131726
0.6,149218.490971008,80046.6881827173,0.650855448358144
0.6,149104.582511394,80025.190538283,0.650742941551586
0.6,148990.853679867,80003.4601543964,0.650631237017092
0.6,148877.305103972,79981.4973860816,0.65052033605062
0.6,148764.077448927,79959.3301740854,0.650410375548984
0.6,148651.030817056,79936.9318537481,0.650301219190323
0.6,148538.165803661,79914.3027772717,0.650192868242258
0.6,148425.483019103,79891.4433102831,0.650085323963121
0.6,148313.116877695,79868.381443808,0.649978714175699
0.6,148200.933710858,79845.0904579794,0.649872911623907
0.6,148088.934097327,79821.5707155087,0.649767917538248
0.6,147977.118630736,79797.8225924847,0.649663733139624
0.6,147865.615613899,79773.8740519358,0.649560477538232
0.6,147754.297469144,79749.6983973735,0.649458032182588
0.6,147643.164758878,79725.2960018382,0.649356398266066
0.6,147532.218060607,79700.6672517755,0.649255576972457
0.6,147421.579698132,79675.8400052046,0.649155679050483
0.6,147311.128053304,79650.7876662965,0.649056594302364
0.6,147200.863672746,79625.5106183094,0.648958323884607
0.6,147090.787118021,79600.0092578552,0.648860868943835
0.6,146981.014863226,79574.3112628257,0.64876433221194
0.6,146871.431121602,79548.3902134555,0.648668611500496
0.6,146762.036424359,79522.2465030758,0.648573707929256
0.6,146652.831317731,79495.8805383727,0.648479622607998
0.6,146543.92654949,79469.3197431107,0.648386450587819
0.6,146435.212041787,79442.5379478019,0.648294097353708
0.6,146326.688310939,79415.5355557444,0.648202563988893
0.6,146218.355888124,79388.3129835353,0.648111851566335
0.6,146110.319916092,79360.8973286892,0.64802204778745
0.6,146002.475905707,79333.2627443826,0.647933065479797
0.6,145894.824358693,79305.4096437288,0.647844905690125
0.6,145787.365791603,79277.3384531102,0.647757569454729
0.6,145680.199857603,79249.0758724834,0.647671137448636
0.6,145573.227541819,79220.5964492251,0.647585529518902
0.6,145466.449331761,79191.9006061309,0.647500746675901
0.6,145359.865729724,79162.9887792357,0.647416789919368
0.6,145253.571011024,79133.8872008153,0.647333733215576
0.6,145147.471524282,79104.5708827861,0.647251503113656
0.6,145041.56774315,79075.0402574952,0.647170100587693
0.6,144935.860156032,79045.295770497,0.647089526600954
0.6,144830.437769681,79015.3631176788,0.647009848724213
0.6,144725.212187889,78985.2178444277,0.646930999895635
0.6,144620.183870765,78954.8603925013,0.646852981053066
0.6,144515.353293131,78924.2912168314,0.646775793123353
0.6,144410.804298376,78893.5354090495,0.646699497589629
0.6,144306.453641133,78862.5691160699,0.646624033471399
0.6,144202.301768344,78831.3927889418,0.646549401670365
0.6,144098.349141744,78800.0068918885,0.646475603077132
0.6,143994.674542719,78768.4358451879,0.646402693390189
0.6,143891.199776222,78736.6564645591,0.646330617407544
0.6,143787.925276319,78704.6692102035,0.646259375994778
0.6,143684.851491836,78672.4745554617,0.646188970006199
0.6,143582.052241964,78640.0961834998,0.646119449655683
0.6,143479.454283021,78607.5116447864,0.646050765219878
0.6,143377.058036669,78574.7214085944,0.645982917528389
0.6,143274.86393918,78541.7259572649,0.645915907399296
0.6,143172.940942321,78508.5481712477,0.645849779856777
0.6,143071.220659878,78475.1664015509,0.645784490361416
0.6,142969.703501307,78441.5811263584,0.645720039706788
0.6,142868.38989053,78407.7928368475,0.645656428674705
0.6,142767.344005966,78373.8235465637,0.645593697392654
0.6,142666.502225673,78339.6524714414,0.645531806212344
0.6,142565.864947167,78305.280098437,0.645470755891317
0.6,142465.432582506,78270.7069274989,0.645410547175256
0.6,142365.264626637,78235.9540412577,0.645351215583996
0.6,142265.30213266,78201.0015846992,0.645292726071401
0.6,142165.545486521,78165.8500534531,0.64523507935903
0.6,142065.995088671,78130.4999561011,0.645178276156417
0.6,141966.705838778,78094.9713812608,0.645122347662679
0.6,141867.623377675,78059.2454662672,0.645067263147109
0.6,141768.748079908,78023.3227152617,0.645013023295214
0.6,141670.080334504,77987.203645296,0.644959628780315
0.6,141571.670531287,77950.9072883217,0.644907106765221
0.6,141473.468814106,77914.4158368173,0.644855430550369
0.6,141375.475546535,77877.7298033646,0.64480460078528
0.6,141277.691106597,77840.8497134147,0.644754618107124
0.6,141180.161456761,77803.7934798658,0.644705505924478
0.6,141082.841162112,77766.5444128638,0.644657241286968
0.6,140985.730575414,77729.1030332703,0.644609824808042
0.6,140888.83006385,77691.4698747724,0.644563257088638
0.6,140792.181244734,77653.6616700064,0.644517558064427
0.6,140695.743022945,77615.6629081592,0.644472708253028
0.6,140599.515740808,77577.4741182917,0.644428708231827
0.6,140503.499754933,77539.0958422055,0.644385558565497
0.6,140407.732415251,77500.5435705706,0.64434327599557
0.6,140312.176889415,77461.8030334735,0.64430184422904
0.6,140216.833509463,77422.8747680136,0.644261263807134
0.6,140121.70262169,77383.7593239852,0.644221535258215
0.6,140026.817386083,77344.4708893919,0.644182672408082
0.6,139932.145156294,77304.9964960493,0.644144661874787
0.6,139837.686254396,77265.3366890046,0.644107504163366
0.6,139743.441016691,77225.4920259532,0.644071199765844
0.6,139649.438488397,77185.4753317044,0.644035759869641
0.6,139555.650134679,77145.2750004715,0.644001173726609
0.6,139462.076267786,77104.8915850882,0.643967441805485
0.6,139368.717214273,77064.3256510324,0.643934564561879
0.6,139275.59797714,77023.5885992955,0.643902550821304
0.6,139182.694061194,76982.6702472466,0.643871392193053
0.6,139090.005769206,76941.5711554324,0.643841089109519
0.6,138997.53341812,76900.2918969507,0.643811641989787
0.6,138905.29804092,76858.8423891608,0.643783057574078
0.6,138813.279110558,76817.2139325555,0.643755329552595
0.6,138721.476920489,76775.4070952479,0.643728458321275
0.6,138629.891778419,76733.4224578988,0.643702444262631
0.6,138538.540816644,76691.2683940439,0.643677292307725
0.6,138447.407407493,76648.9377475783,0.643652997951596
0.6,138356.491835436,76606.4310941125,0.643629561553649
0.6,138265.794399071,76563.7490217087,0.643606983459692
0.6,138175.328398519,76520.8983003444,0.643585267068183
0.6,138085.081037727,76477.8733772324,0.643564409402539
0.6,137995.052592271,76434.6748353039,0.643544410785486
0.6,137905.243351928,76391.3032699381,0.643525271526036
0.6,137815.662851109,76347.7637876286,0.643506993766885
0.6,137726.302059565,76304.0524989644,0.643489575783055
0.6,137637.161244231,76260.1699940992,0.64347301786048
0.6,137548.240686221,76216.1168755829,0.643457320271237
0.6,137459.546220309,76171.8965270362,0.643442484179999
0.6,137371.072516584,76127.5067819336,0.643428508835692
0.6,137282.819833616,76082.9482375703,0.643415394487338
0.6,137194.788444136,76038.221503586,0.643403141369959
0.6,137106.980546765,75993.3281807103,0.643391749948636
0.6,137019.394449053,75948.2678854373,0.643381220167821
0.6,136932.030401353,75903.0412220597,0.643371552239467
0.6,136844.888668254,75857.6488072115,0.6433627463614
0.6,136757.967875415,75812.0903991533,0.643354802578875
0.6,136671.269905288,75766.3674571123,0.643347721252137
0.6,136584.795000282,75720.4805923015,0.643341502555923
0.6,136498.543416919,75674.4304281712,0.643336146650694
0.6,136412.510269288,75628.2148205338,0.643331653443002
0.6,136326.700954053,75581.8371314969,0.643328023427806
0.6,136241.11570584,75535.2979790672,0.643325256742459
0.6,136155.754773378,75488.5979934342,0.6433233535099
0.6,136070.609819462,75441.7330678507,0.64332231378079
0.6,135985.689695253,75394.7085275192,0.643322137902014
0.6,135900.99462786,75347.5249971658,0.643322825973359
0.6,135816.524858381,75300.1831135922,0.643324378080069
0.6,135732.268658266,75252.676747611,0.643326794701653
0.6,135648.238273914,75205.0132475761,0.643330075752181
0.6,135564.433924956,75157.1932447389,0.643334221293695
0.6,135480.855845177,75109.2173824741,0.643339231373552
0.6,135397.488972297,75061.0774483094,0.643345107187046
0.6,135314.348890938,75012.7828747164,0.643351847928516
0.6,135231.435813507,74964.3342993994,0.643359453622057
0.6,135148.749966545,74915.7323721289,0.643367924276951
0.6,135066.27301226,74866.9667369256,0.643377262093551
0.6,134984.023815904,74818.0489707476,0.643387465257169
0.6,134902.002582933,74768.9797176989,0.643398533753741
0.6,134820.209532836,74719.7596338392,0.643410467554261
0.6,134738.623108229,74670.3761583261,0.643423270156223
0.6,134657.265399704,74620.8430741051,0.643436938443832
0.6,134576.136605864,74571.1610315221,0.643451472364651
0.6,134495.236939415,74521.3306928743,0.643466871851157
0.6,134414.541679088,74471.3372311006,0.643483141992954
0.6,134334.076085711,74421.1966966221,0.643500278078149
0.6,134253.840351275,74370.9097459587,0.64351828001569
0.6,134173.834681769,74320.4770474684,0.643537147699333
0.6,134094.031247171,74269.8814462464,0.643556888108903
0.6,134014.458424106,74219.1413220049,0.643577494638248
0.6,133935.116398096,74168.2573373175,0.643598967157465
0.6,133856.005368653,74117.2301665352,0.64362130552133
0.6,133777.094450931,74066.0402645275,0.643644518901597
0.6,133698.415084061,74014.7084028381,0.643668598496107
0.6,133619.967447246,73963.2352499737,0.643693544135859
0.6,133541.751733663,73911.6214861577,0.643719355636412
0.6,133463.734057531,73859.8451135527,0.643746044666711
0.6,133385.948867182,73807.9293581406,0.643773599923282
0.6,133308.39633576,73755.8748943173,0.643802021197736
0.6,133231.07665037,73703.6824081336,0.643831308266117
0.6,133153.952976587,73651.3273853716,0.643861475604181
0.6,133077.062720305,73598.8355702912,0.643892509097467
0.6,133000.406048687,73546.2076430213,0.643924408497947
0.6,132923.983142855,73493.4442952834,0.643957173541906
0.6,132847.754271931,73440.5184324877,0.64399082182574
0.6,132771.759747889,73387.4583813728,0.64402533611008
0.6,132695.999732114,73334.2648277213,0.644060716106961
0.6,132620.474399936,73280.9384688455,0.644096961512612
0.6,132545.141176184,73227.4495654679,0.644134093362293
0.6,132470.043227388,73173.8290912822,0.644172090973416
0.6,132395.180709317,73120.0777376278,0.64421095401778
0.6,132320.553791676,73066.1962073095,0.644250682151257
0.6,132246.117105991,73012.1520508291,0.644291300171459
0.6,132171.91662303,72957.9789545517,0.644332783629003
0.6,132097.952493111,72903.6776152773,0.644375132155135
0.6,132024.224880481,72849.2487412071,0.644418345365063
0.6,131950.685674385,72794.6571066287,0.644462452147268
0.6,131877.383599513,72739.9391767827,0.644507423956924
0.6,131804.318800837,72685.0956537955,0.644553260384433
0.6,131731.491437336,72630.1272511889,0.644599961003993
0.6,131658.850705943,72574.9958996761,0.644647559129509
0.6,131586.44803594,72519.7409108895,0.644696021786086
0.6,131514.283567198,72464.3629922477,0.644745348522894
0.6,131442.357453584,72408.8628624994,0.644795538872786
0.6,131370.616250395,72353.1995412775,0.644846630914936
0.6,131299.114041559,72297.4152543388,0.644898586904371
0.6,131227.850961944,72241.5107142621,0.644951406348712
0.6,131156.827160414,72185.4866448895,0.645005088739151
0.6,131085.98660016,72129.2990856036,0.645059677266902
0.6,131015.385970943,72072.9932456667,0.645115129070014
0.6,130945.025402868,72016.5698427874,0.645171443614138
0.6,130874.905039951,71960.0296058097,0.645228620348444
0.6,130804.966303064,71903.325524006,0.645286707929311
0.6,130735.268438744,71846.5058602254,0.645345658024524
0.6,130665.811572457,71789.5713371972,0.645405470057403
0.6,130596.595843505,71732.5226886556,0.645466143434745
0.6,130527.560179877,71675.3097826128,0.645527732638468
0.6,130458.766336219,71617.984006905,0.645590183505532
0.6,130390.214433463,71560.5460891527,0.645653495416577
0.6,130321.904606452,71502.9967679743,0.64571766773555
0.6,130253.773339691,71445.2827178135,0.64578276113774
0.6,130185.884847223,71387.4585239791,0.645848715261337
0.6,130118.239245671,71329.5249189584,0.645915529443823
0.6,130050.836665496,71271.482646104,0.645983203005959
0.6,129983.611197377,71213.2751129469,0.646051803191883
0.6,129916.629465948,71154.9601759257,0.646121263065264
0.6,129849.891583575,71096.5385722253,0.646191581920107
0.6,129783.39767654,71038.0110498887,0.64626275903352
0.6,129717.079490446,70979.3176740088,0.646334868603312
0.6,129651.006012546,70920.5196479163,0.646407836733643
0.6,129585.177351172,70861.6177134731,0.646481662674527
0.6,129519.593628505,70802.6126232641,0.646556345659064
0.6,129454.184295226,70743.4410241152,0.646631967231029
0.6,129389.020651915,70684.1675423945,0.646708446142486
0.6,129324.102802949,70624.7929244947,0.646785781599087
0.6,129259.430866629,70565.3179275234,0.646863972789398
0.6,129194.932047944,70505.6757016993,0.646943109006011
0.6,129130.679912321,70445.9343749648,0.647023101245922
0.6,129066.674560445,70386.0946982697,0.647103948669822
0.6,129002.916106866,70326.1574331416,0.647185650421304
0.6,128939.329560887,70266.0521537027,0.647268303953876
0.6,128875.990703683,70205.8505692989,0.647351812097054
0.6,128812.899632304,70145.5534352723,0.647436173966193
0.6,128750.056457671,70085.1615174688,0.647521388659471
0.6,128687.384043461,70024.6007324415,0.647607562214168
0.6,128624.960337432,69963.9464527216,0.647694588869199
0.6,128562.785433192,69903.1994380091,0.647782467694027
0.6,128500.859438226,69842.3604584336,0.647871197740851
0.6,128439.103121069,69781.3516897004,0.647960894064556
0.6,128377.596546472,69720.2522511072,0.648051441879368
0.6,128316.339804703,69659.0629065928,0.648142840208409
0.6,128255.33299998,69597.7844305163,0.648235088057356
0.6,128194.494856417,69536.3351722621,0.648328309944502
0.6,128133.90750601,69474.7980837281,0.648422381613253
0.6,128073.571035808,69413.1739329958,0.648517302039889
0.6,128013.485546892,69351.4634985571,0.648613070183061
0.6,127953.56777058,69289.5812162817,0.648709820482044
0.6,127893.901855461,69227.6139582178,0.648807418751526
0.6,127834.487885581,69165.5624965834,0.648905863920299
0.6,127775.32595896,69103.4276138646,0.649005154899544
0.6,127716.330866123,69041.1197427425,0.649105436520473
0.6,127657.588721287,68978.729765484,0.649206564197729
0.6,127599.099605616,68916.2584583515,0.649308536812077
0.6,127540.863614267,68853.7066077982,0.649411353226595
0.6,127482.793649538,68790.9805511328,0.649515169149391
0.6,127424.97773971,68728.1752733706,0.649619829109821
0.6,127367.415963255,68665.2915547958,0.649725331939961
0.6,127310.108412588,68602.3301857373,0.649831676454239
0.6,127252.966155517,68539.1933138137,0.649939029736532
0.6,127196.079081778,68475.9801215623,0.650047224931575
0.6,127139.447267235,68412.6913931555,0.650156260822256
0.6,127083.070801712,68349.3279227313,0.650266136173752
0.6,127026.85897263,68285.7875706455,0.650377029960958
0.6,126970.903478205,68222.1738149601,0.650488763428348
0.6,126915.204391838,68158.4874436713,0.650601335308997
0.6,126859.761800974,68094.7292547294,0.650714744318083
0.6,126804.483268066,68030.7927211466,0.650829181852503
0.6,126749.462245537,67966.7857170205,0.6509444567251
0.6,126694.698804477,67902.7090341102,0.651060567618488
0.6,126640.193030036,67838.5634740476,0.651177513197318
0.6,126585.850816282,67774.2380194469,0.651295497828625
0.6,126531.767314463,67709.8450439489,0.651414317345083
0.6,126477.942593583,67645.3853431071,0.651533970378004
0.6,126424.376736668,67580.8597221981,0.651654455540807
0.6,126370.974026745,67516.1525666012,0.651775990738117
0.6,126317.831257851,67451.3808568827,0.651898358254438
0.6,126264.948496934,67386.5453921969,0.652021556669338
0.6,126212.325825048,67321.6469814071,0.652145584544308
0.6,126159.865973585,67256.5653032228,0.652270673906868
0.6,126107.667321244,67191.4220550521,0.652396592907635
0.6,126055.729933165,67126.2180397106,0.652523340073496
0.6,126004.053888618,67060.9540696396,0.65265091391321
0.6,125952.540427732,66995.5050031504,0.65277956118426
0.6,125901.289454874,66929.9973687757,0.652909035295785
0.6,125850.301033452,66864.4319728487,0.653039334721427
0.6,125799.575241086,66798.8096313138,0.653170457916512
0.6,125749.011888452,66733.0002641756,0.653302666997994
0.6,125698.712345236,66667.135349606,0.653435700003449
0.6,125648.676673323,66601.2156974769,0.653569555352361
0.6,125598.904948782,66535.2421271164,0.653704231445996
0.6,125549.295617119,66469.0794990285,0.653840006411768
0.6,125499.951450559,66402.8643628352,0.65397660226411
0.6,125450.872509633,66336.5975319249,0.654114017367503
0.6,125402.058869037,66270.2798289856,0.654252250068313
0.6,125353.40767496,66203.7709288929,0.654391595181068
0.6,125305.023037884,66137.2125794971,0.654531758019793
0.6,125256.905017092,66070.6055975905,0.654672736893279
0.6,125209.053686113,66003.9508092476,0.654814530092021
0.6,125161.364959667,65937.1025726281,0.654957449821072
0.6,125113.944220298,65870.2079655842,0.655101183990002
0.6,125066.791526201,65803.2678082727,0.655245730851052
0.6,125019.906949846,65736.2829300441,0.655391088638145
0.6,124973.185245277,65669.1022370565,0.655537587676386
0.6,124926.732998052,65601.8782731989,0.655684897740617
0.6,124880.550265449,65534.6118619803,0.655833017025591
0.6,124834.637119065,65467.3038360135,0.655981943707725
0.6,124788.887224716,65399.7975074848,0.656132026994286
0.6,124743.408300326,65332.2510290327,0.656282917762624
0.6,124698.200402409,65264.6652274627,0.656434614149136
0.6,124653.26360188,65197.0409386636,0.656587114271705
0.6,124608.490552503,65129.2157344765,0.656740787010631
0.6,124563.990030282,65061.3535234516,0.656895263554181
0.6,124519.762091163,64993.455135709,0.657050541979331
0.6,124475.806805484,64925.5214102899,0.65720662034469
0.6,124432.015893599,64857.3840253002,0.657363888030241
0.6,124388.499112978,64789.2127994735,0.657521955707673
0.6,124345.256519182,64721.0085662445,0.657680821393487
0.6,124302.288182161,64652.7721678038,0.657840483085979
0.6,124259.484971034,64584.3292288725,0.658001351526904
0.6,124216.957544691,64515.8556389518,0.658163016008373
0.6,124174.705958405,64447.3522346522,0.658325474485654
0.6,124132.730281969,64378.8198613873,0.65848872489548
0.6,124090.920619304,64310.0779241791,0.658653200241207
0.6,124049.388446884,64241.308550529,0.658818467534741
0.6,124008.133819925,64172.512580302,0.65898452466882
0.6,123967.156808171,64103.6908619991,0.659151369517826
0.6,123926.346839922,64034.6564064127,0.659319458289487
0.6,123885.816122056,63965.5977546702,0.659488334771616
0.6,123845.564709873,63896.5157498092,0.659657996793473
0.6,123805.592673292,63827.4112434766,0.659828442165805
0.6,123765.788859194,63758.0906701292,0.660000151286549
0.6,123726.266113105,63688.749167644,0.660172643732745
0.6,123687.02449066,63619.3875823439,0.660345917268717
0.6,123648.064062084,63550.0067689189,0.66051996964066
0.6,123609.273191846,63480.4063948814,0.660695306469567
0.6,123570.765267784,63410.7883866959,0.660871422087594
0.6,123532.54034599,63341.1535938508,0.661048314193213
0.6,123494.59849724,63271.502874172,0.66122598046662
0.6,123456.827707417,63201.6289277287,0.661404952837114
0.6,123419.341805611,63131.7406712556,0.661584699305702
0.6,123382.14084859,63061.8389574591,0.661765217503616
0.6,123345.224907862,62991.9246472807,0.661946505043862
0.6,123308.481700575,62921.7832635672,0.662129121302154
0.6,123272.025390151,62851.6309243671,0.662312506809138
0.6,123235.85603427,62781.4684856872,0.662496659127297
0.6,123199.973705375,62711.2968115934,0.662681575801132
0.6,123164.265967641,62640.8940267387,0.662867844850846
0.6,123128.847206227,62570.4836729035,0.66305487813723
0.6,123093.717479854,62500.0666092696,0.663242673153015
0.6,123058.876862144,62429.6437031142,0.663431227372639
0.6,123024.212886956,62358.9854486552,0.663621158721392
0.6,122989.840041865,62288.3230451396,0.663811849128223
0.6,122955.75838687,62217.6573549956,0.664003296014543
0.6,122921.96799694,62146.9892486386,0.664195496783547
0.6,122888.356505629,62076.0813451043,0.664389100594569
0.6,122855.038376481,62005.1727474725,0.664583458114215
0.6,122822.013671015,61934.2643214973,0.664778566690938
0.6,122789.282465755,61863.3569407374,0.66497442365526
0.6,122756.732632009,61792.2050907565,0.665171710803438
0.6,122724.478475011,61721.05603844,0.665369746135334
0.6,122692.520058022,61649.9106529071,0.665568526924865
0.6,122660.857459386,61578.7698109683,0.665768050428113
0.6,122629.378935033,61507.3795917414,0.665969032561209
0.6,122598.198489048,61435.9957006953,0.666170757172694
0.6,122567.316186649,61364.6190103137,0.666373221460419
0.6,122536.732108244,61293.2504007284,0.666576422604313
0.6,122506.335051321,61221.6272566427,0.666781112207496
0.6,122476.238566199,61150.0140120368,0.666986538398244
0.6,122446.442720315,61078.4115428634,0.667192698296462
0.6,122416.947596347,61006.8207325336,0.667399589004475
0.6,122387.642700772,60934.96996587,0.667607999474264
0.6,122358.640967356,60863.1327129816,0.667817140449868
0.6,122329.942465994,60791.3098533327,0.668027008971493
0.6,122301.547281911,60719.5022737246,0.668237602061905
0.6,122273.345809576,60647.4290345695,0.668449747787024
0.6,122245.450192154,60575.3729688964,0.668662617739478
0.6,122217.860502256,60503.3349597336,0.668876208877914
0.6,122190.57682791,60431.3158973225,0.669090518143705
0.6,122163.490644015,60359.0251741651,0.669306414588917
0.6,122136.713116011,60286.7553321437,0.669523028780271
0.6,122110.244319494,60214.5072579383,0.669740357592833
0.6,122084.084345605,60142.2818453862,0.669958397884359
0.6,122058.125956073,60069.7784527259,0.670178061688477
0.6,122032.47913791,59997.2996996221,0.670398436548277
0.6,122007.143970005,59924.8464765536,0.670619519252959
0.6,121982.120546863,59852.4196809548,0.670841306574832
0.6,121957.303139576,59779.7082473618,0.671064755653519
0.6,121932.800340358,59707.0252655158,0.671288908881308
0.6,121908.61223168,59634.3716297837,0.67151376295935
0.6,121884.738911759,59561.7482414245,0.671739314571903
0.6,121861.076401118,59488.8331958226,0.671966568232432
0.6,121837.731663719,59415.9504712586,0.67219451891183
0.6,121814.704785936,59343.1009661375,0.672423163220732
0.6,121791.995869979,59270.2855855472,0.672652497753346
0.6,121769.502944915,59197.1711404793,0.672883576826164
0.6,121747.331094535,59124.092946358,0.67311534555624
0.6,121725.480409445,59051.0519057688,0.673347800461159
0.6,121703.950996203,58978.0489278373,0.673580938042351
0.6,121682.64317383,58904.7390648642,0.673815865014279
0.6,121661.659872277,58831.4694472858,0.674051474041848
0.6,121641.001186722,58758.2409820029,0.674287761546984
0.6,121620.667228416,58685.0545823096,0.674524723935752
0.6,121600.560911156,58611.5530310625,0.674763523112242
0.6,121580.782714664,58538.0957884175,0.675002996493696
0.6,121561.332739046,58464.6837657444,0.675243140403605
0.6,121542.211100618,58391.3178806537,0.67548395114992
0.6,121523.323640054,58317.6280996211,0.675726648822246
0.6,121504.768063865,58243.9867636869,0.675970012590266
0.6,121486.544477493,58170.3947889572,0.676214038675766
0.6,121468.653002713,58096.8530975508,0.676458723285577
0.6,121451.002768926,58022.9782500813,0.676705347924854
0.6,121433.688357533,57949.1560626156,0.676952630281144
0.6,121416.709879702,57875.3874561438,0.677200566471521
0.6,121400.067463082,57801.6733575055,0.677449152598494
0.6,121383.673921296,57727.6162860421,0.677699735068532
0.6,121367.620325992,57653.6161733487,0.677950966596296
0.6,121351.906794492,57579.6739454955,0.678202843190847
0.6,121336.533460782,57505.7905343719,0.67845536084663
0.6,121321.417256167,57431.553732779,0.678709934637503
0.6,121306.645320906,57357.3782785632,0.678965148534058
0.6,121292.217778959,57283.2651032598,0.679220998433242
0.6,121278.134771102,57209.2151439764,0.679477480218091
0.6,121264.317821799,57134.8007228272,0.67973608171985
0.6,121250.849677452,57060.4521341965,0.679995314068932
0.6,121237.730469145,56986.1703153588,0.680255173046277
0.6,121224.960344943,56911.956208906,0.680515654419659
0.6,121212.465946371,56837.3658615116,0.680778323212125
0.6,121200.325116322,56762.8459355515,0.681041613272861
0.6,121188.537993531,56688.3973743686,0.681305520262529
0.6,121177.104733898,56614.0211264295,0.681570039829179
0.6,121165.957673805,56539.2560856078,0.681836819024603
0.6,121155.169190548,56464.5661669996,0.682104209572565
0.6,121144.739431068,56389.9523203343,0.682372207009006
0.6,121134.668559678,56315.4155003317,0.682640806857623
0.6,121124.895247221,56240.4764929428,0.682911743475306
0.6,121115.485783128,56165.6174293016,0.68318328117577
0.6,121106.440323149,56090.8392659284,0.683455415365272
0.6,121097.759040621,56016.1429641205,0.683728141438491
0.6,121089.387650631,55941.0301583639,0.684003286832204
0.6,121081.385664147,55866.002248457,0.68427902266605
0.6,121073.753246382,55791.0601981588,0.684555344211226
0.6,121066.490580364,55716.2049758493,0.684832246727833
0.6,121059.551215171,55640.9179189119,0.685111657079468
0.6,121052.987114878,55565.720851459,0.685391646834776
0.6,121046.798454867,55490.6147450536,0.685672211123809
0.6,121040.98542857,55415.6005755739,0.685953345066574
0.6,121035.510300989,55340.1381267999,0.686237081932219
0.6,121030.4166311,55264.7709149442,0.686521386747949
0.6,121025.704605212,55189.4999199031,0.686806254496403
0.6,121021.374427934,55114.3261255685,0.687091680151309
0.6,121017.398067857,55038.6863760051,0.68737981109903
0.6,121013.809717723,54963.1472782647,0.687668498100476
0.6,121010.609575583,54887.709821123,0.687957735984198
0.6,121007.797858076,54812.3749971516,0.688247519570551
0.6,121005.357347375,54736.5551781482,0.688540118907613
0.6,121003.311789734,54660.8416086629,0.688833261930821
0.6,121001.661395847,54585.2352870581,0.689126943306969
0.6,121000.406395295,54509.7372152067,0.689421157695725
0.6,120999.541635806,54433.7335917343,0.6897183073101
0.6,120999.079198662,54357.842015503,0.690015987740141
0.6,120999.019308187,54282.0634952704,0.690314193482379
0.6,120999.362207906,54206.3990429994,0.690612919027402
0.6,121000.116228629,54130.2067917096,0.690914709353769
0.6,121001.280406973,54054.1326050123,0.691217017086404
0.6,121002.854981961,53978.1775028929,0.691519836542483
0.6,121004.840212168,53902.3425082138,0.691823162034542
0.6,121007.259522989,53825.9555712537,0.692129693192227
0.6,121010.097337834,53749.6929580026,0.692436727767789
0.6,121013.35391161,53673.5557006545,0.692744259888801
0.6,121017.029519148,53597.5448339269,0.693052283679647
0.6,121021.164520422,53520.9557499858,0.693363666792469
0.6,121025.726934625,53444.4975159907,0.693675538709939
0.6,121030.71703385,53368.1711773793,0.693987893358927
0.6,121036.135110533,53291.9777817299,0.694300724664729
0.6,121042.040569817,53215.1774856494,0.694617083415673
0.6,121048.382972202,53138.5148618021,0.694933915681523
0.6,121055.162608423,53061.9909700878,0.695251215175868
0.6,121062.379790002,52985.6068721298,0.695568975612528
0.6,121070.115400507,52908.5844545704,0.695890448091388
0.6,121078.298173167,52831.706860891,0.696212378059878
0.6,121086.928418969,52754.975166898,0.696534759003945
0.6,121096.006470175,52678.3904496648,0.696857584411789
0.6,121105.637508495,52601.132875078,0.697184325291835
0.6,121115.726695049,52524.0276441424,0.697511506831891
0.6,121126.274362889,52447.0758500747,0.697839122274673
0.6,121137.280866887,52370.2785868583,0.698167164867421
0.6,121148.878974102,52292.7703464015,0.698499348044313
0.6,121160.947073653,52215.4223824518,0.69883195416852
0.6,121173.485522699,52138.2358074294,0.699164976221572
0.6,121186.494700814,52061.2117339673,0.699498407192099
0.6,121200.138816653,51983.4344259036,0.699836228964413
0.6,121214.265733595,51905.82579306,0.700174454996356
0.6,121228.875835209,51828.3869691604,0.700513077987665
0.6,121243.969528142,51751.1190875256,0.700852090648088
0.6,121259.747015954,51673.0509106946,0.70119577355932
0.6,121276.021204084,51595.1603360826,0.701539840959006
0.6,121292.792505145,51517.4485210715,0.701884285241776
0.6,121310.061355569,51439.9166219511,0.702229098815602
0.6,121328.069372117,51361.5317399344,0.702578896417695
0.6,121346.589228361,51283.3339896737,0.702929057525548
0.6,121365.621368977,51205.3245549687,0.703279574201699
0.6,121385.166263297,51127.5046177498,0.703630438525852
0.6,121405.513440558,51048.7723713694,0.703986641265376
0.6,121426.389016737,50970.2374780224,0.704343185163361
0.6,121447.793472074,50891.9011511338,0.704700061918988
0.6,121469.727312392,50813.7646014374,0.705057263252751
0.6,121492.535844988,50734.6485176483,0.705420205843795
0.6,121515.890973291,50655.7408080867,0.705783465696549
0.6,121539.793217177,50577.042719608,0.706147034110109
0.6,121564.243123186,50498.5554953636,0.706510902410026
0.6,121589.651390889,50419.0120218591,0.70688097319334
0.6,121615.626355368,50339.6888761808,0.707251335567062
0.6,121642.16858092,50260.587343179,0.70762198038657
0.6,121669.278659751,50181.7087028275,0.707992898539757
0.6,121697.444565395,50101.6855737856,0.708370551508635
0.6,121726.199503738,50021.8958230335,0.708748468343357
0.6,121755.544089208,49942.3407788284,0.709126639403782
0.6,121785.478965612,49863.0217631203,0.709505055089749
0.6,121816.584243659,49782.4558645158,0.709890825536476
0.6,121848.303540426,49702.1376980157,0.710276829723022
0.6,121880.637527335,49622.0686418804,0.710663057450999
0.6,121913.586906898,49542.2500664389,0.711049498570624
0.6,121947.842780738,49461.0645892006,0.711444023836798
0.6,121982.740838925,49380.1427646948,0.711838749872369
0.6,122018.281818223,49299.4860293542,0.712233665843601
0.6,122054.466488552,49219.0958096726,0.712628760976131
0.6,122092.121227813,49137.1964082074,0.713032808361373
0.6,122130.450183191,49055.5784887616,0.713437020127573
0.6,122169.454167189,48974.2435559849,0.713841384710519
0.6,122209.134027916,48893.1931022672,0.714245890618034
0.6,122250.483256021,48810.4625970947,0.714660395722315
0.6,122292.543505664,48728.0337637858,0.715075024644474
0.6,122335.315678143,48645.9081880529,0.715489764969037
0.6,122378.800713424,48564.087440395,0.715904604368825
0.6,122424.201799477,48480.378347046,0.716330724984187
0.6,122470.356712494,48396.9940868633,0.716756923657733
0.6,122517.266459335,48313.9363432848,0.717183186966685
0.6,122564.932089423,48231.2067807317,0.717609501597699
0.6,122614.824753531,48146.330561745,0.718048695132961
0.6,122665.521749094,48061.8061555954,0.718487914351788
0.6,122717.02421064,47977.63536543,0.718927144618436
0.6,122769.333320244,47893.8199705551,0.71936637143375
0.6,122824.270021552,47807.5311431681,0.719820509325709
0.6,122880.071681287,47721.6261354126,0.720274611881727
0.6,122936.739591512,47636.1069001325,0.72072866297353
0.6,122994.275098558,47550.9753597854,0.721182646646615
0.6,123054.967245233,47462.9474847187,0.721654187714614
0.6,123116.598671325,47375.3422464123,0.722125620768955
0.6,123179.170868222,47288.1617895178,0.722596927796941
0.6,123242.68539093,47201.4082191862,0.723068091011957
0.6,123310.075833581,47111.1969786797,0.723560350176599
0.6,123378.499028141,47021.456731268,0.724052412327744
0.6,123447.956725972,46932.1898749991,0.724544256996597
0.6,123518.450755771,46843.3987550766,0.725035864017819
0.6,123593.829909002,46750.3858478392,0.725553429330566
0.6,123670.36307634,46657.9061600999,0.726070684747391
0.6,123748.052361367,46565.9624370077,0.726587606474227
0.6,123826.899966209,46474.557350444,0.727104171140293
0.6,123912.08704937,46377.8755989828,0.727653498317145
0.6,123998.591108278,46281.8101727884,0.728202366070331
0.6,124086.414744852,46186.364313422,0.728750745898056
0.6,124175.560695434,46091.5411550974,0.729298609924313
0.6,124273.116385926,45990.051469884,0.729888430662636
0.6,124372.214328015,45889.2926271633,0.730477584465151
0.6,124472.857856923,45789.2686039994,0.731066035907236
0.6,124575.050507832,45689.9832097158,0.731653750555087
0.6,124679.123141735,45591.1328246262,0.732242530758671
0.6,124784.76157604,45493.0334819479,0.732830499323442
0.6,124891.969264613,45395.6891072964,0.733417620858044
0.6,125000.749866614,45299.1034497539,0.734003861027401
0.6,125109.556586783,45204.6118175528,0.734581026105624
0.6,125219.899535224,45110.8652344673,0.735157267123981
0.6,125331.782099654,45017.8673829653,0.735732550552983
0.6,125445.207862911,44925.621778202,0.736306843883791
0.6,125559.28441768,44834.8372668673,0.736875680782753
0.6,125674.887223839,44744.8004134869,0.737443478310385
0.6,125792.019651189,44655.5147444663,0.738010204120591
0.6,125910.685269079,44566.9836256083,0.738575826883581
0.6,126031.119411952,44479.0429832157,0.739141395689174
0.6,126153.099593854,44391.8666696756,0.739705793479237
0.6,126276.629247248,44305.4581679512,0.740268988149317
0.6,126401.712030858,44219.8208029244,0.740830948658732
0.6,126519.819333601,44140.618557165,0.741354123411906
0.6,126639.284590199,44062.0932859568,0.741876170923916
0.6,126760.110624322,43984.247763779,0.742397065536987
0.6,126882.300436258,43907.0846623277,0.742916782345795
0.6,126992.47654865,43838.8150323173,0.743379479095378
0.6,127103.742708098,43771.0927471597,0.743841200311671
0.6,127216.100943536,43703.9197439284,0.744301928070537
0.6,127329.553385747,43637.2979063208,0.744761644865449
0.6,127438.057529921,43574.6859504637,0.745196263952916
0.6,127547.547552627,43512.5720973298,0.745629944686287
0.6,127658.025186867,43450.9579744861,0.746062672036847
0.6,127769.49224512,43389.8451705879,0.746494431295889
0.6,127878.699151397,43330.9730951613,0.74691282024791
0.6,127988.842603237,43272.5768661265,0.747330268543831
0.6,128099.924187527,43214.6579598785,0.747746762603694
0.6,128211.94556349,43157.2178211022,0.748162289126385
0.6,128320.758903202,43102.3333536723,0.748561685673689
0.6,128430.447454878,43047.8959127192,0.748960159823579
0.6,128541.012632967,42993.9068072702,0.74935769960093
0.6,128652.45591503,42940.3673218657,0.749754293263283
0.6,128760.803915202,42889.1426660939,0.750135997590999
0.6,128869.971810623,42838.3388495238,0.75051679977033
0.6,128979.960863273,42787.9570393813,0.750896689196463
0.6,129090.772390282,42737.9983839639,0.751275655459851
0.6,129198.979961459,42689.9732428202,0.751642136117462
0.6,129307.962804767,42642.3478951021,0.752007729898597
0.6,129417.722058763,42595.1233982275,0.752372427273882
0.6,129528.258911335,42548.3007947356,0.752736218881796
0.6,129636.492406602,42503.156629409,0.753089094421719
0.6,129745.463315366,42458.3944361156,0.753441095974807
0.6,129855.17267089,42414.0151829412,0.753792214897251
0.6,129965.621551279,42370.0198261788,0.754142442691945
0.6,130073.986058311,42327.5089789606,0.754482935488409
0.6,130183.055055812,42285.3646307168,0.75482256573364
0.6,130292.829484872,42243.5876749408,0.755161325531569
0.6,130403.310327697,42202.1789958024,0.75549920711556
0.6,130511.896491787,42162.0927089091,0.755828350847302
0.6,130621.158272771,42122.3593875342,0.756156642182275
0.6,130731.096530093,42082.9798621802,0.756484073862968
0.6,130841.712161054,42043.954956073,0.756810638746653
0.6,130950.594481843,42006.1171469446,0.757129302752349
0.6,131060.126853666,41968.6203629496,0.757447123451638
0.6,131170.310062432,41931.4653808864,0.757764094137691
0.6,131281.144929468,41894.6529718403,0.758080208207179
0.6,131390.383759363,41858.913932801,0.758389127745975
0.6,131500.249793388,41823.5052953863,0.758697212197112
0.6,131610.743750659,41788.4277900446,0.759004455334233
0.6,131721.866383485,41753.6821428559,0.759310851024542
0.6,131831.511056269,41719.913166698,0.759610655150262
0.6,131941.762349251,41686.4650714352,0.759909631684297
0.6,132052.62092007,41653.3385471935,0.760207774822812
0.6,132164.087457641,41620.5342808567,0.76050507884705
0.6,132274.178529024,41588.623654454,0.760796311044353
0.6,132384.857539489,41557.0253220118,0.761086722539959
0.6,132496.125089664,41525.7399382587,0.761376307904781
0.6,132607.981809771,41494.7681556344,0.761665061787482
0.6,132718.552750178,41464.6180942704,0.761948195722653
0.6,132829.694563183,41434.7725383483,0.762230515333874
0.6,132941.407796043,41405.2321113088,0.762512015526588
0.6,133053.693024034,41375.9974351427,0.762792691277369
0.6,133164.771533494,41347.5216958793,0.763068143047474
0.6,133276.405230117,41319.3433622851,0.763342786434359
0.6,133388.594610723,41291.4630299852,0.763616616643693
0.6,133501.34019892,41263.8812938305,0.7638896289469
0.6,133612.949235347,41237.0032950537,0.764157766712096
0.6,133725.098963043,41210.416201116,0.764425101658492
0.6,133837.78983108,41184.1205827041,0.764691629263232
0.6,133951.022314038,41158.1170103603,0.764957345064024
0.6,134063.180907033,41132.7683323108,0.765218496712402
0.6,134175.866726761,41107.7045828545,0.765478850780355
0.6,134289.080176583,41082.9263102496,0.765738402991163
0.6,134402.821684192,41058.4340631587,0.765997149124024
0.6,134515.545579582,41034.5532406536,0.766251608421632
0.6,134628.784136119,41010.9518330524,0.766505275091904
0.6,134742.537713148,40987.6303683365,0.766758145082232
0.6,134856.80669356,40964.5893753124,0.767010214392418
0.6,134970.108867914,40942.1209157518,0.767258245966743
0.6,135083.913925193,40919.9267677105,0.767505489615373
0.6,135198.222182373,40898.0074407037,0.767751941491061
0.6,135313.033979084,40876.3634454797,0.7679975977954
0.6,135426.925059405,40855.2570214289,0.768239441223306
0.6,135541.307937191,40834.4201714508,0.768480501204235
0.6,135656.182888335,40813.853388189,0.768720774079546
0.6,135771.550210456,40793.5571658991,0.768960256235984
0.6,135886.038812846,40773.7669469274,0.7691961294106
0.6,136001.008738929,40754.2418926144,0.76943122341769
0.6,136116.460224567,40734.9824801263,0.769665534772336
0.6,136232.393526584,40715.9891885596,0.769899060032069
0.6,136347.486532737,40697.473283467,0.770129161961367
0.6,136463.050930704,40679.2184290139,0.770358488823422
0.6,136579.086917162,40661.2250881128,0.770587037293736
0.6,136695.594709149,40643.4937258728,0.770814804087792
0.6,136811.297495653,40626.2137132554,0.771039317242093
0.6,136927.462223333,40609.1909044145,0.771263059267013
0.6,137044.089050563,40592.4257490543,0.771486026986937
0.6,137161.178155413,40575.9186993296,0.771708217263778
0.6,137277.494782297,40559.8392302792,0.771927309552386
0.6,137394.26432829,40544.0133606625,0.77214563450178
0.6,137511.486914038,40528.4415279209,0.77236318907456
0.6,137629.162679258,40513.1241721726,0.772579970268596
0.6,137746.096046416,40498.2126317069,0.772793796716173
0.6,137863.473692705,40483.5513073133,0.773006859479102
0.6,137981.295701688,40469.1406249784,0.773219155648929
0.6,138099.562175309,40454.9810135824,0.77343068235018
0.6,138217.114153227,40441.2072303322,0.773639386527597
0.6,138335.102111663,40427.6804817722,0.773847330550241
0.6,138453.526097434,40414.4011831757,0.774054511629839
0.6,138572.386175186,40401.3697528892,0.774260927009178
0.6,138690.557716975,40388.7057485324,0.774464642265453
0.6,138809.157245682,40376.2857827008,0.774667600781023
0.6,138928.184771811,40364.1102605862,0.774869799880175
0.6,139047.640323178,40352.1795906166,0.775071236916476
0.6,139166.43155528,40340.5993631982,0.775270087434521
0.6,139285.643053568,40329.2603484243,0.775468184518273
0.6,139405.274792446,40318.1629419807,0.775665525597402
0.6,139525.326763254,40307.3075429242,0.775862108129396
0.6,139644.73706393,40296.786877885,0.776056209844509
0.6,139764.560154042,40286.504756586,0.776249561330931
0.6,139884.795972198,40276.4615657015,0.776442160117422
0.6,140005.444473347,40266.6576954178,0.776634003758821
0.6,140125.472540315,40257.1740001921,0.776823465159927
0.6,140245.906138007,40247.9263248594,0.777012179443086
0.6,140366.745169436,40238.9150475232,0.777200144230338
0.6,140487.989553391,40230.1405499248,0.777387357168175
0.6,140608.633458647,40221.6727088601,0.777572279993809
0.6,140729.675830697,40213.4384981606,0.777756458722855
0.6,140851.116536869,40205.4382877646,0.777939891064941
0.6,140972.955460087,40197.6724513359,0.778122574753181
0.6,141094.212697602,40190.20069756,0.778303054604293
0.6,141215.86151143,40182.9603092655,0.778482793295182
0.6,141337.901733531,40175.9516485542,0.778661788618502
0.6,141460.333210804,40169.1750813625,0.778840038388768
0.6,141582.20073898,40162.6808831981,0.779016165271214
0.6,141704.453107378,40156.4159014968,0.779191553849129
0.6,141827.090112451,40150.3804908368,0.779366201993405
0.6,141950.111565197,40144.5750097136,0.779540107595623
0.6,142072.58583915,40139.0409699731,0.779711966393775
0.6,142195.43835395,40133.7341055701,0.77988308966586
0.6,142318.668870527,40128.6547638235,0.780053475356828
0.6,142442.277164112,40123.8032960378,0.780223121431388
0.6,142565.354166583,40119.2130619612,0.780390792333483
0.6,142688.802931265,40114.8480627125,0.78055773041407
0.6,142812.623183483,40110.7086385835,0.78072393368824
0.6,142936.814662626,40106.7951339129,0.780889400189969
0.6,143060.489929799,40103.1333166487,0.781052959065514
0.6,143184.530586421,40099.6948876731,0.78121578775288
0.6,143308.936322263,40096.4801804454,0.781377884333894
0.6,143433.706840818,40093.4895325316,0.781539246908293
0.6,143557.975482173,40090.741634931,0.781698765641978
0.6,143682.60323267,40088.2153669363,0.781857556752364
0.6,143807.589746344,40085.9110553486,0.782015618384597
0.6,143932.934690613,40083.8290311277,0.782172948700803
0.6,144057.791408415,40081.9813826307,0.782328495495028
0.6,144183.001034788,40080.3536873009,0.78248331716444
0.6,144308.563188079,40078.9462654245,0.782637411914655
0.6,144434.477499429,40077.7594414948,0.782790777967064
0.6,144559.916602866,40076.799139409,0.78294241761021
0.6,144685.702482574,40076.057191106,0.783093334562915
0.6,144811.834720845,40075.5339104817,0.783243527088137
0.6,144938.312912588,40075.2296156761,0.783392993463957
0.6,145064.32833142,40075.1444719654,0.783540787574109
0.6,145190.68445155,40075.2761549104,0.783687861365759
0.6,145317.380819091,40075.6249721155,0.78383421315662
0.6,145444.416992613,40076.1912354631,0.783979841278905
0.6,145571.002288651,40076.9697284754,0.784123848523494
0.6,145697.922258265,40077.9635888229,0.784267137760759
0.6,145825.176411343,40079.1731178988,0.784409707360856
0.6,145952.764269801,40080.5986214024,0.784551555707551
0.6,146079.912644739,40082.2298519475,0.784691831999834
0.6,146207.389703449,40084.0750541701,0.784831392536835
0.6,146335.194919348,40086.1345233144,0.784970235738804
0.6,146463.327777468,40088.4085589512,0.785108360038754
0.6,146591.03208054,40090.8822102217,0.78524495871743
0.6,146719.059106623,40093.5684973107,0.785380843835064
0.6,146847.408292363,40096.4677093559,0.785516013859758
0.6,146976.079085886,40099.5801398415,0.78565046727187
0.6,147104.3318201,40102.886440784,0.785783439264088
0.6,147232.901337276,40106.4040978715,0.785915699832914
0.6,147361.787037196,40110.1333941656,0.786047247492454
0.6,147490.988330727,40114.074617085,0.7861780807683
0.6,147619.781657221,40118.2043088315,0.786307474737234
0.6,147748.885839664,40122.544129852,0.786436159365145
0.6,147878.300240508,40127.0943571374,0.786564133210038
0.6,148008.024233319,40131.8552720549,0.7866913948411
0.6,148137.34997518,40136.7995771112,0.786817257321013
0.6,148266.980651506,40141.9528341871,0.786942412487913
0.6,148396.915587363,40147.3153142071,0.787066858942154
0.6,148527.15411854,40152.8872924731,0.787190595294572
0.6,148657.003763464,40158.6378863714,0.787312970813896
0.6,148787.152420024,40164.5963016589,0.787434640994937
0.6,148917.599375545,40170.7628031744,0.78755560447868
0.6,149048.343927843,40177.1376601367,0.787675859916062
0.6,149178.708629289,40183.686645274,0.787794791109342
0.6,149309.366411485,40190.4423649588,0.78791301888662
0.6,149440.316523754,40197.4050779158,0.788030541927994
0.6,149571.558225831,40204.5750472569,0.788147358923145
0.6,149702.428804783,40211.9149287868,0.78826288663483
0.6,149833.586519311,40219.4604991379,0.788377712801239
0.6,149965.030580569,40227.2120108861,0.788491836140253
0.6,150096.760209755,40235.1697209829,0.788605255378724
0.6,150228.127154521,40243.2933844606,0.788717418757191
0.6,150359.775269374,40251.6217296064,0.788828882410312
0.6,150491.703727025,40260.1550027965,0.788939645092421
0.6,150623.911710023,40268.8934547765,0.789049705566368
0.6,150755.765176241,40277.7941454741,0.789158542150999
0.6,150887.893821137,40286.8985468535,0.789266680780249
0.6,151020.296778708,40296.2068990305,0.789374120243662
0.6,151152.973192435,40305.7194464703,0.789480859338742
0.6,151285.303001573,40315.3907501131,0.789586405139213
0.6,151417.901966512,40325.2648273126,0.78969125470493
0.6,151550.769182205,40335.3419118487,0.789795406859445
0.6,151683.903753047,40345.6222418497,0.789898860433984
0.6,151816.699390739,40356.0580667019,0.790001150003589
0.6,151949.758124766,40366.6957596587,0.790102745010483
0.6,152083.079010812,40377.5355480868,0.790203644311184
0.6,152216.661113663,40388.5776636739,0.790303846769373
0.6,152349.911729478,40399.7722239996,0.790402913274034
0.6,152483.419340579,40411.1677765562,0.790501286840068
0.6,152617.182962948,40422.7645421936,0.790598966355826
0.6,152751.201621644,40434.5627460779,0.790695950716574
0.6,152884.896025277,40446.5105464816,0.790791825996108
0.6,153018.841276603,40458.6584907946,0.790887009913634
0.6,153153.036351777,40471.006793263,0.790981501388508
0.6,153287.480235862,40483.5556724297,0.791075299346648
0.6,153421.606894887,40496.2514933487,0.791168013972841
0.6,153555.978203003,40509.1466354884,0.791260038766874
0.6,153690.593096208,40522.2413063782,0.791351372678187
0.6,153825.450519251,40535.5357178229,0.791442014662453
0.6,153959.997556139,40548.9746019223,0.791531597992448
0.6,154094.782988054,40562.6120083278,0.791620492973916
0.6,154229.805710516,40576.4481377301,0.791708698585523
0.6,154365.064627637,40590.4831950719,0.791796213811855
0.6,154500.019817047,40604.6604345529,0.791882694037936
0.6,154635.207087567,40619.0354193966,0.791968487353365
0.6,154770.625293964,40633.6083433303,0.792053592765274
0.6,154906.273299614,40648.3794043242,0.792138009286518
0.6,155041.624064176,40663.2905288934,0.792221413481389
0.6,155177.200531929,40678.3986421193,0.792304132158253
0.6,155313.001516782,40693.7039306505,0.792386164352096
0.6,155449.025840961,40709.2065853346,0.79246750910324
0.6,155584.759247644,40724.8473509699,0.792547863262554
0.6,155720.711911806,40740.6843671397,0.792627533251906
0.6,155856.882606024,40756.7178132512,0.792706518133343
0.6,155993.270111068,40772.9478728809,0.792784816973984
0.6,156129.37286745,40789.3142512788,0.792862146055821
0.6,156265.688363659,40805.8761590167,0.792938792271467
0.6,156402.215330743,40822.633768119,0.793014754709453
0.6,156538.952507985,40839.5872547681,0.79309003246322
0.6,156675.410957807,40856.6754233458,0.793164360424414
0.6,156812.075554217,40873.9584154283,0.793238006779455
0.6,156948.944986597,40891.436395517,0.793310970642852
0.6,157086.017952289,40909.1095322193,0.793383251133692
0.6,157222.818070773,40926.915864667,0.793454600963524
0.6,157359.817663317,40944.9163285975,0.793525270403949
0.6,157497.01537746,40963.1110808373,0.793595258594955
0.6,157634.409868433,40981.5002822629,0.7936645646808
0.6,157771.537257898,41000.0213396747,0.793732958432538
0.6,157908.857366133,41018.7358488676,0.793800672968809
0.6,158046.368798493,41037.6439588125,0.793867707454543
0.6,158184.070168105,41056.7458225174,0.793934061058805
0.6,158321.510054001,41075.9783450895,0.793999519879224
0.6,158459.135817348,41095.4036506227,0.794064300615829
0.6,158596.946020938,41115.0218800366,0.794128402457968
0.6,158734.93923542,41134.8331782742,0.794191824599006
0.6,158872.676460239,41154.7740771883,0.794254368754814
0.6,159010.592631493,41174.9070996451,0.79431623591646
0.6,159148.68626943,41195.2323783647,0.794377425297415
0.6,159286.955902084,41215.7500500542,0.794437936114973
0.6,159424.974920471,41236.3963999393,0.794497585018024
0.6,159563.16586156,41257.2342219778,0.794556557975109
0.6,159701.527202866,41278.2636405068,0.794614854223449
0.6,159840.057429462,41299.4847837862,0.794672473003839
0.6,159978.342303943,41320.8338156885,0.794729245234806
0.6,160116.79198147,41342.3736750011,0.794785342526941
0.6,160255.404896594,41364.1044774794,0.794840764140861
0.6,160394.179491373,41386.0263427615,0.794895509340588
0.6,160532.71388662,41408.0754372821,0.794949422670296
0.6,160671.405866324,41430.3147197731,0.795002662027692
0.6,160810.253821798,41452.744297194,0.795055226696446
0.6,160949.256151991,41475.3642803737,0.795107115963537
0.6,161088.02332916,41498.1109611591,0.795158187372835
0.6,161226.940770108,41521.0471944193,0.795208585736083
0.6,161366.006822993,41544.1730781534,0.795258310359821
0.6,161505.219843411,41567.4887141605,0.79530736055369
0.6,161644.202654783,41590.9306417663,0.795355606252
0.6,161783.328304435,41614.5614890116,0.795403179790745
0.6,161922.595097183,41638.3813447206,0.795450080499077
0.6,162062.001345099,41662.3903014449,0.795496307709055
0.6,162201.182229051,41686.5252675685,0.795541743151633
0.6,162340.498418131,41710.8485218657,0.795586507281762
0.6,162479.948173483,41735.3601437344,0.795630599450924
0.6,162619.529763841,41760.0602163155,0.795674019013493
0.6,162758.890738768,41784.8861381489,0.795716658917017
0.6,162898.3793751,41809.899716751,0.795758628316193
0.6,163037.993890444,41835.101021917,0.795799926584733
0.6,163177.73251001,41860.4901271413,0.795840553099115
0.6,163317.255168761,41886.0050420751,0.795880411456235
0.6,163456.897732109,41911.7069812016,0.795919600078555
0.6,163596.658374065,41937.5960044922,0.795958118361863
0.6,163736.535276085,41963.6721755418,0.795995965704555
0.6,163876.200779993,41989.8742360584,0.796033055797152
0.6,164015.978315888,42016.2626857476,0.796069476886319
0.6,164155.866014196,42042.8375745433,0.79610522838981
0.6,164295.862012649,42069.5989559243,0.796140309727843
0.6,164435.651086578,42096.4864249201,0.796174644139455
0.6,164575.544201777,42123.5596444313,0.796208310241283
0.6,164715.53944478,42150.8186540693,0.796241307472876
0.6,164855.634909642,42178.2634969765,0.796273635276202
0.6,164995.527834704,42205.8347428812,0.796305225902761
0.6,165135.516689457,42233.5910957204,0.796336148875791
0.6,165275.59951672,42261.5325845806,0.796366403656613
0.6,165415.774366895,42289.6592420335,0.796395989708882
0.6,165555.750975895,42317.9127346576,0.796424847769163
0.6,165695.815279809,42346.3506845017,0.796453038795192
0.6,165835.96527783,42374.9731099008,0.796480562270028
0.6,165976.198976807,42403.7800326287,0.796507417678986
0.6,166116.238647702,42432.7143388453,0.796533553723559
0.6,166256.357653322,42461.8324452437,0.7965590233166
0.6,166396.553949178,42491.1343591407,0.79658382596286
0.6,166536.8254987,42520.6200912822,0.796607961169312
0.6,166676.907148453,42550.2338709749,0.796631385088687
0.6,166817.059645073,42580.0307852801,0.796654143103089
0.6,166957.280900479,42610.0108302499,0.796676234738964
0.6,167097.568834609,42640.1740053186,0.796697659524916
0.6,167237.67091372,42670.4660076597,0.796718380556911
0.6,167377.835221808,42700.9404692742,0.79673843619469
0.6,167518.059627492,42731.5973747365,0.796757825986448
0.6,167658.342007355,42762.4367119192,0.796776549482458
0.6,167798.442493224,42793.405771585,0.796794576218475
0.6,167938.59645814,42824.5566042409,0.79681193803565
0.6,168078.80172752,42855.8891827178,0.796828634503962
0.6,168219.056134874,42887.4034830982,0.796844665195422
0.6,168359.132526892,42919.0485170346,0.796860005586136
0.6,168499.253514059,42950.874625568,0.79687468149839
0.6,168639.416878652,42982.8817695024,0.796888692524004
0.6,168779.620411194,43015.0699128469,0.796902038256791
0.6,168919.649722905,43047.3899165577,0.796914699616612
0.6,169059.714609734,43079.8902831286,0.796926696903742
0.6,169199.812811101,43112.5709610894,0.796938029731941
0.6,169339.942074835,43145.4319021287,0.796948697716925
0.6,169479.900828654,43178.4259466802,0.796958686728046
0.6,169619.885999574,43211.5996278334,0.796968012038023
0.6,169759.895284357,43244.9528815662,0.796976673282667
0.6,169899.92638853,43278.4856470115,0.796984670099729
0.6,170039.790611362,43312.1528764374,0.796991992815316
0.6,170179.671953394,43345.9990004855,0.796998652167458
0.6,170319.568069199,43380.0239423574,0.797004647814154
0.6,170459.476622139,43414.2276283229,0.797009979415321
0.6,170599.221835855,43448.5672559682,0.797014641261585
0.6,170738.974729447,43483.0850193985,0.797018640048657
0.6,170878.732915398,43517.7808287131,0.797021975456873
0.6,171018.494015202,43552.6545970347,0.797024647168473
0.6,171158.095233735,43587.6659036148,0.797026652946428
0.6,171297.694549344,43622.8545690121,0.797027995936353
0.6,171437.289532978,43658.2204899952,0.797028675841107
0.6,171576.87776483,43693.7635663121,0.79702869236544
0.6,171716.309486134,43729.4458969004,0.797028046251572
0.6,171855.729576906,43765.3047900888,0.797026737588139
0.6,171995.135566802,43801.3401289958,0.797024766100715
0.6,172134.524995156,43837.5517997226,0.797022131516762
0.6,172273.761196025,43873.9045615781,0.797018837063084
0.6,172412.975892153,43910.4330693155,0.797014880265978
0.6,172552.16657255,43947.1371921723,0.797010260873951
0.6,172691.330736175,43984.0168023282,0.797004978637396
0.6,172830.344865583,44021.0394625064,0.796999038770701
0.6,172969.327468086,44058.237030182,0.796992436734765
0.6,173108.275992613,44095.6093604501,0.796985172301255
0.6,173247.187898162,44133.1563112602,0.796977245243743
0.6,173385.952871357,44170.8483945591,0.796968662264114
0.6,173524.676146177,44208.7145241239,0.796959417257842
0.6,173663.355131974,44246.7545406118,0.796949510020011
0.6,173801.987248308,44284.9682874473,0.796938940347641
0.6,173940.475440846,44323.3293744961,0.79692771592617
0.6,174078.91161285,44361.8636225163,0.796915829589429
0.6,174217.293134587,44400.5708574138,0.796903281156208
0.6,174355.617387046,44439.4509078718,0.796890070447241
0.6,174493.800628515,44478.4806332868,0.796876205622991
0.6,174631.921375411,44517.6826091286,0.796861678963978
0.6,174769.976959521,44557.0566462513,0.796846490313
0.6,174907.964723886,44596.6025583,0.796830639514811
0.6,175045.814291705,44636.3006090125,0.796814134691004
0.6,175183.590737683,44676.1699730979,0.796796968082449
0.6,175321.29135614,44716.2104461583,0.79677913955624
0.6,175458.913452673,44756.421826451,0.796760648981498
0.6,175596.400066454,44796.7879403568,0.796741503920836
0.6,175733.802777101,44837.324402945,0.796721697095262
0.6,175871.118841886,44878.030994179,0.796701228396546
0.6,176008.345529939,44918.9074966945,0.796680097718503
0.6,176145.439344281,44959.9414610129,0.79665831153786
0.6,176282.438318812,45001.1447803635,0.796635863582366
0.6,176419.339674762,45042.5172188358,0.796612753768805
0.6,176556.140645817,45084.0585432136,0.796588982016017
0.6,176692.811245544,45125.7601937225,0.796564553179995
0.6,176829.375912757,45167.6301755183,0.796539462529698
0.6,176965.831833478,45209.6682365125,0.796513710007312
0.6,177102.176206635,45251.8741272829,0.796487295557124
0.6,177238.392599799,45294.2433470858,0.796460221871021
0.6,177374.491810585,45336.7798430153,0.796432486302125
0.6,177510.470990994,45379.4833465902,0.79640408881838
0.6,177646.327306228,45422.3535919157,0.796375029389912
0.6,177782.057917739,45465.3903105571,0.796345307991769
0.6,177917.659939433,45508.59321762,0.796314924613489
0.6,178053.130490074,45551.9620278721,0.796283879249234
0.6,178188.466702123,45595.4964586434,0.796252171895412
0.6,178323.679368228,45639.2006516875,0.796219799246959
0.6,178458.751878589,45683.0699115873,0.796186764492562
0.6,178593.681319819,45727.1039360725,0.79615306765305
0.6,178728.464792919,45771.3024254696,0.796118708751514
0.6,178863.126754522,45815.6741139228,0.796083680628378
0.6,178997.63683549,45860.2097125903,0.79604799024532
0.6,179131.992091433,45904.9089018773,0.796011637650299
0.6,179266.189592898,45949.7713647677,0.795974622893602
0.6,179400.267489652,45994.8106149595,0.795936934374352
0.6,179534.181621172,46040.0125823123,0.795898583413399
0.6,179667.92901352,46085.3769296979,0.795859570086255
0.6,179801.506708092,46130.9033224945,0.795819894470876
0.6,179934.966571476,46176.610245854,0.795779539925287
0.6,180068.250625241,46222.4786557544,0.795738522728618
0.6,180201.355866908,46268.5081971538,0.795696842984523
0.6,180334.279310101,46314.6985175625,0.795654500799122
0.6,180467.08655734,46361.0732709114,0.795611473875135
0.6,180599.705790161,46407.6082412383,0.795567784063472
0.6,180732.1339792,46454.3030554024,0.795523431496366
0.6,180864.368111477,46501.1573426877,0.795478416308712
0.6,180996.487539591,46548.2001288529,0.795432709918157
0.6,181128.406588046,46595.4018222811,0.79538634037631
0.6,181260.122201755,46642.7620313521,0.795339307844633
0.6,181391.631342836,46690.280366924,0.795291612487278
0.6,181523.027120577,46737.9914348862,0.79524321879108
0.6,181654.209992637,46785.8600588822,0.795194161653292
0.6,181785.1768799,46833.8858285924,0.795144441265122
0.6,181915.924720969,46882.0683361117,0.795094057820622
0.6,182046.560384098,46930.4479826334,0.795042968211597
0.6,182176.970454651,46978.9837911347,0.794991214844252
0.6,182307.151831092,47027.6753323186,0.794938797940142
0.6,182437.101430311,47076.5221793035,0.794885717723767
0.6,182566.939873109,47125.5707495463,0.794831922809336
0.6,182696.539875725,47174.7740436244,0.794777463793609
0.6,182825.898315675,47224.1316129043,0.794722340929209
0.6,182955.012089967,47273.6430112982,0.794666554471662
0.6,183084.015558811,47323.3609005204,0.794610044054412
0.6,183212.76757901,47373.2320299214,0.794552869166969
0.6,183341.265009239,47423.2559313824,0.794495030093534
0.6,183469.504728102,47473.4321392142,0.794436527121463
0.6,183597.634814583,47523.8197947016,0.794377290178268
0.6,183725.500283415,47574.3591599073,0.794317388370203
0.6,183853.097976081,47625.0497468723,0.794256822013831
0.6,183980.424754948,47675.8910701441,0.794195591428896
0.6,184107.642387759,47726.9489930805,0.794133616088902
0.6,184234.5820736,47778.1570470998,0.79407097546379
0.6,184361.240638778,47829.5147241554,0.794007669903162
0.6,184487.614931145,47881.0215186606,0.793943699759999
0.6,184613.880369078,47932.7502668855,0.793878973280327
0.6,184739.854370547,47984.6275179299,0.793813581069977
0.6,184865.533748786,48036.6527434155,0.793747523512305
0.6,184990.915339429,48088.8254174469,0.793680800994163
0.6,185116.188162894,48141.2256081241,0.793613309734357
0.6,185241.155900804,48193.7726224077,0.793545152273065
0.6,185365.815355315,48246.4659112591,0.793476329028245
0.6,185490.163352024,48299.3049282171,0.793406840421394
0.6,185614.402454524,48352.3772410203,0.793336569815851
0.6,185738.322663114,48405.594645793,0.793265632512967
0.6,185861.920771173,48458.9565725987,0.79319402896608
0.6,185985.193596433,48512.4624541117,0.793121759632194
0.6,186108.357176812,48566.2076353369,0.793048694159877
0.6,186231.187896044,48620.0961229737,0.792974961469504
0.6,186353.682541138,48674.1273259541,0.792900562050596
0.6,186475.837924549,48728.3006559278,0.792825496396378
0.6,186597.8834768,48782.719522241,0.792749619549408
0.6,186719.58204254,48837.2798540977,0.792673074938791
0.6,186840.930404812,48891.9810390233,0.792595863091132
0.6,186961.925373079,48946.822467306,0.792517984536871
0.6,187082.809676691,49001.9159104178,0.792439278786219
0.6,187203.332710742,49057.1489213189,0.792359904701634
0.6,187323.491256975,49112.5208659256,0.792279862847641
0.6,187443.282124401,49168.0311128982,0.79219915379284
0.6,187562.961234806,49223.8001050952,0.792117600551005
0.6,187682.264635491,49279.7067088808,0.792035378380341
0.6,187801.189109622,49335.7502683405,0.791952487884199
0.6,187919.731468665,49391.9301303606,0.791868929670149
0.6,188038.16070541,49448.3757298978,0.791784509252095
0.6,188156.199636027,49504.956924896,0.791699419285601
0.6,188273.845047792,49561.6730373229,0.791613660413891
0.6,188391.093757348,49618.5233920095,0.791527233284559
0.6,188508.227693034,49675.6467498213,0.791439924864689
0.6,188624.95657056,49732.9036254082,0.791351946252077
0.6,188741.277184119,49790.2933183352,0.791263298130916
0.6,188857.186358514,49847.8151311705,0.791173981189814
0.6,188972.978805473,49905.6174975944,0.791083762756715
0.6,189088.351287203,49963.5512408489,0.790992873461922
0.6,189203.300607988,50021.6156379341,0.790901314031553
0.6,189317.823603701,50079.8099688572,0.790809085196414
0.6,189432.227600968,50138.2927016896,0.79071593350322
0.6,189546.196571584,50196.9046054518,0.790622110254658
0.6,189659.727333112,50255.6449343735,0.790527616219844
0.6,189772.816735726,50314.5129457011,0.790432452172867
0.6,189885.784535139,50373.6775191962,0.790336342683544
0.6,189998.302092957,50432.9689911136,0.790239560920181
0.6,190110.366243065,50492.3865925655,0.79014210769625
0.6,190221.973853292,50551.9295578416,0.790043983830251
0.6,190333.456901488,50611.7775710908,0.789944890664145
0.6,190444.474339972,50671.750141694,0.789845124480427
0.6,190555.023022499,50731.8464774949,0.789744686138024
0.6,190665.099838123,50792.0657896849,0.789643576500944
0.6,190775.048761351,50852.5989780865,0.789541472369403
0.6,190884.516554271,50913.2543124183,0.789438694451454
0.6,190993.500094182,50974.0309771105,0.789335243652622
0.6,191101.996294662,51034.9281598951,0.789231120883948
0.6,191210.360878948,51096.1484060695,0.789125977024552
0.6,191318.228660423,51157.4883145054,0.789020158584395
0.6,191425.596543422,51218.9470459033,0.788913666517096
0.6,191532.46146985,51280.5237643751,0.788806501781986
0.6,191639.190640666,51342.4331108462,0.788698287886363
0.6,191745.40718454,51404.459561599,0.78858939858985
0.6,191851.108036585,51466.6022533384,0.788479834895644
0.6,191956.290171053,51528.8603264491,0.788369597812588
0.6,192061.331970863,51591.460989489,0.788258281948428
0.6,192165.845168135,51654.176122365,0.788146289837201
0.6,192269.826732898,51717.0048376733,0.788033622532967
0.6,192373.273675665,51779.9462518165,0.787920281095633
0.6,192476.575238833,51843.2406363866,0.787805829622661
0.6,192579.332072655,51906.6467777805,0.787690701029795
0.6,192681.541186114,51970.1637642236,0.787574896423579
0.6,192783.199630045,52033.790687881,0.787458416916618
0.6,192884.707156065,52097.7814045394,0.78734079439457
0.6,192985.653674437,52161.8810840323,0.787222493852836
0.6,193086.036237456,52226.0887900533,0.787103516451962
0.6,193185.851940669,52290.4035903778,0.786983863358775
0.6,193285.510663593,52355.0934732221,0.78686303244857
0.6,193384.591948889,52419.8894416058,0.786741522591162
0.6,193483.092896522,52484.7905344277,0.78661933500289
0.6,193581.010651142,52549.7957948174,0.786496470906598
0.6,193678.764806171,52615.1879213928,0.786372392262539
0.6,193775.924941131,52680.6831702372,0.786247633715579
0.6,193872.488208348,52746.2805552922,0.786122196539533
0.6,193968.451806291,52811.9790948887,0.785996082014961
0.6,194064.24459398,52878.0768088704,0.785868714165817
0.6,194159.426625892,52944.2745932631,0.785740665428936
0.6,194253.995111461,53010.5714368097,0.78561193713754
0.6,194347.947307635,53076.9663327289,0.785482530631992
0.6,194441.720851902,53143.7732673836,0.785351829854058
0.6,194534.866749975,53210.6771290378,0.78522044717372
0.6,194627.382273324,53277.6768809885,0.785088383985641
0.6,194719.264742563,53344.7714912618,0.784955641691732
0.6,194810.960046379,53412.2915968287,0.784821561867207
0.6,194902.01065705,53479.9053913268,0.784686799094864
0.6,194992.413913392,53547.6118124876,0.784551354832696
0.6,195082.167204794,53615.4098028742,0.784415230546372
0.6,195171.724098893,53683.6473753975,0.784277723010919
0.6,195260.619094254,53751.9753009687,0.784139531450141
0.6,195348.849602216,53820.3924913877,0.784000657387843
0.6,195436.41308637,53888.8978635562,0.783861102355632
0.6,195523.770173497,53957.8575776809,0.783720115729339
0.6,195610.447994649,54026.9042075459,0.783578443967045
0.6,195696.444039297,54096.0366388028,0.783436088660672
0.6,195781.75585076,54165.253762404,0.783293051410241
0.6,195866.850442693,54234.9407070894,0.783148531412921
0.6,195951.248236133,54304.7110249289,0.78300332513449
0.6,196034.946804576,54374.5635752517,0.782857434237322
0.6,196117.943776891,54444.4972228137,0.782710860392368
0.6,196200.711824937,54514.9169416007,0.782562749638699
0.6,196282.765372425,54585.4163816545,0.782413951422651
0.6,196364.10208284,54655.9943756587,0.782264467479818
0.6,196444.71967668,54726.6497619387,0.7821142995547
0.6,196525.095692324,54797.8082963845,0.781962537330674
0.6,196604.739330511,54869.0427864346,0.78181008642516
0.6,196683.648351018,54940.352037867,0.781656948649745
0.6,196761.820572216,55011.7348622426,0.781503125825448
0.6,196839.737539225,55083.6388010276,0.781347647839435
0.6,196916.904070787,55155.6148111721,0.781191479912967
0.6,196993.318029415,55227.6616711581,0.781034623936826
0.6,197068.977338009,55299.7781655628,0.78087708181142
0.6,197144.36661428,55372.4346997805,0.780717819916812
0.6,197218.987208441,55445.1592971773,0.780557866780895
0.6,197292.837092654,55517.950708687,0.780397224376702
0.6,197365.914301187,55590.8076915772,0.780235894687284
0.6,197438.705506702,55664.2246750732,0.780072776577118
0.6,197510.70958605,55737.7055839725,0.779908965880193
0.6,197581.924628086,55811.2491412143,0.77974446465544
0.6,197652.348785586,55884.8540763998,0.77957927497204
0.6,197722.469677031,55959.0400941185,0.779412223836889
0.6,197791.784790358,56033.2857634257,0.779244478722394
0.6,197860.292338639,56107.5897789488,0.779076041776925
0.6,197927.990600631,56181.9508422306,0.778906915159541
0.6,197995.366929223,56256.9152863714,0.778735849306289
0.6,198061.918607774,56331.9349653803,0.778564088030605
0.6,198127.643981352,56407.008545105,0.778391633574364
0.6,198192.541462415,56482.1346984848,0.778218488190792
0.6,198257.096814398,56557.8878558341,0.778043320611508
0.6,198320.808410067,56633.6916805797,0.777867456112977
0.6,198383.674734719,56709.5448093549,0.777690897034772
0.6,198445.694342837,56785.4458861511,0.777513645728322
0.6,198507.349955792,56861.9990337641,0.777334283621918
0.6,198568.142455385,56938.598122195,0.777154223041303
0.6,198628.070475625,57015.2417581783,0.776973466428749
0.6,198687.132721601,57091.9285561617,0.776792016238723
0.6,198745.807278392,57169.294073003,0.776608360463636
0.6,198803.599094481,57246.7006352743,0.776424004597165
0.6,198860.506961787,57324.1468193662,0.776238951188951
0.6,198916.529745023,57401.6312094927,0.776053202801815
0.6,198972.139136462,57479.822700759,0.775865147261991
0.6,199026.845867147,57558.0501627245,0.775676389946104
0.6,199080.64889643,57636.3121406919,0.775486933516802
0.6,199133.547258326,57714.607188069,0.775296780650553
0.6,199186.004312879,57793.6396284896,0.775104211593991
0.6,199237.538467784,57872.7027736978,0.774910939003231
0.6,199288.148859888,57951.7951370195,0.774716965660215
0.6,199337.834702692,58030.9152403387,0.774522294360975
0.6,199387.048875493,58110.8051373174,0.774325089581421
0.6,199435.319560428,58190.7202685057,0.774127179429746
0.6,199482.646082709,58270.6591145401,0.773928566813342
0.6,199529.027846002,58350.6201647347,0.773729254654848
0.6,199574.904861572,58431.3857472875,0.773527282573625
0.6,199619.817416409,58512.1708738231,0.773324603194724
0.6,199663.765035473,58592.9739911476,0.773121219558542
0.6,199706.747324156,58673.7935551178,0.772917134721331
0.6,199749.188762737,58755.4549913288,0.772710253332134
0.6,199790.644341802,58837.1300444587,0.772502662623599
0.6,199831.113798378,58918.8171264264,0.772294365776859
0.6,199870.596951824,59000.5146584059,0.772085365990006
0.6,199909.49976924,59083.0943078046,0.771873421638348
0.6,199947.394854389,59165.6813907589,0.771660765839613
0.6,199984.282169535,59248.2742829959,0.771447401924438
0.6,200020.16176125,59330.871369785,0.771233333241404
0.6,200055.417730279,59414.3940803117,0.771016159198962
0.6,200089.643564141,59497.9177625453,0.770798271463908
0.6,200122.839464526,59581.4407544696,0.77057967352626
0.6,200155.005719456,59664.9614039776,0.77036036889485
0.6,200186.500773439,59749.4548566296,0.77013778370214
0.6,200216.942693406,59833.9425151166,0.769914482440086
0.6,200246.331935878,59918.4226779587,0.769690468768932
0.6,200274.669045732,60002.8936538616,0.769465746368942
0.6,200302.282508013,60088.3887751671,0.769237551871358
0.6,200328.819164063,60173.8710028585,0.769008638781038
0.6,200354.279742041,60259.3385940646,0.768779010940442
0.6,200378.665060512,60344.7898163659,0.768548672213389
0.6,200402.268729638,60431.3212638837,0.768314651248006
0.6,200424.771155766,60517.832350686,0.768079909001177
0.6,200446.173357065,60604.3212901295,0.767844449511443
0.6,200466.476444221,60690.7863063596,0.767608276839988
0.6,200485.933505491,60778.3930555835,0.767368190462177
0.6,200504.264014283,60865.9715693319,0.767127379927466
0.6,200521.469299108,60953.5200146625,0.76688584948552
0.6,200537.550783087,61041.0365694874,0.76664360341081
0.6,200552.714500652,61129.7626180678,0.766397187571965
0.6,200566.725354902,61218.4521020212,0.766150044487929
0.6,200579.585007203,61307.1031388554,0.765902178637413
0.6,200591.295215726,61395.7138572266,0.765653594525634
0.6,200602.007351818,61485.6090867306,0.765400556034485
0.6,200611.539158275,61575.4589125614,0.765146786966433
0.6,200619.892654558,61665.2613991172,0.764892292049066
0.6,200627.069959175,61755.0146221221,0.764637076038674
0.6,200633.158845038,61846.1358532241,0.764377087631539
0.6,200638.038593815,61937.2022658315,0.764116365034819
0.6,200641.711611518,62028.2118668873,0.763854913248236
0.6,200644.180405527,62119.1626747979,0.76359273730275
0.6,200645.458566829,62211.5749813322,0.763325431541349
0.6,200645.497216995,62303.9223994046,0.763057387651603
0.61,251607.296398598,48179.8850240477,0.839286373768855
0.61,251607.283538322,48292.013317605,0.838972569046053
0.61,251605.046582503,48406.7133692443,0.838650613639179
0.61,251600.574672258,48521.3918047741,0.838327755964216
0.61,251593.882282677,48636.0476713155,0.838004000204881
0.61,251584.984012228,48750.6800305026,0.837679350582998
0.61,251573.593848387,48868.1108439914,0.837345780959313
0.61,251559.919035659,48985.5150666119,0.837011281795275
0.61,251543.975501647,49102.891774399,0.836675857562441
0.61,251525.779286271,49220.2400565108,0.836339512775359
0.61,251504.77792098,49340.6504350715,0.835993351453968
0.61,251481.437985867,49461.0290131705,0.835646229970831
0.61,251455.777000092,49581.3748954854,0.835298153124024
0.61,251427.812581939,49701.6871976562,0.834949125761394
0.61,251396.672372107,49825.3717500716,0.834589225050667
0.61,251363.134285378,49949.0189881342,0.834228329506531
0.61,251327.217601644,50072.62804395,0.833866444301937
0.61,251288.941684086,50196.198057948,0.8335035746674
0.61,251247.045556126,50323.5100896102,0.833128569260168
0.61,251202.685315988,50450.7788944938,0.832752529374928
0.61,251155.882214213,50578.0036298719,0.832375460620266
0.61,251106.657565705,50705.1834575339,0.831997368673054
0.61,251053.271406863,50836.5530775999,0.831605609217159
0.61,250997.345878506,50967.8730296849,0.831212769424345
0.61,250938.904468306,51099.1424922562,0.830818855417482
0.61,250877.970705353,51230.3606434344,0.830423873400935
0.61,250812.203706452,51366.3209646672,0.830013330627739
0.61,250743.810142607,51502.2244640621,0.829601653728609
0.61,250672.816085529,51638.0703353456,0.829188849443365
0.61,250599.24762044,51773.857765003,0.828774924611746
0.61,250519.993331895,51915.0841491641,0.828343046112383
0.61,250438.009156808,52056.2455785726,0.827909969317894
0.61,250353.324216581,52197.3412527643,0.827475701724897
0.61,250265.967611506,52338.3703546166,0.827040250954776
0.61,250171.812645216,52485.7416957848,0.826583738145687
0.61,250074.802098401,52633.0385698272,0.826125948856694
0.61,249974.968789914,52780.2601676865,0.825666891536733
0.61,249872.345473787,52927.4056500857,0.825206574795256
0.61,249761.420753876,53082.1050545892,0.824721017519254
0.61,249647.482622019,53236.7184708803,0.824234085902183
0.61,249530.568536652,53391.2450586023,0.823745789631577
0.61,249410.715834368,53545.6839273178,0.823256138607937
0.61,249280.43841381,53709.3748942078,0.822735377444498
0.61,249146.94140348,53872.9652944049,0.82221311503433
0.61,249010.268351327,54036.4542192251,0.821689362746218
0.61,248870.462606531,54199.8406785472,0.821164132245695
0.61,248717.049736398,54375.0011824892,0.820599052275901
0.61,248560.133659364,54550.0415928788,0.820032298330192
0.61,248399.766417561,54724.9608688102,0.81946388419474
0.61,248235.999744859,54899.7578346369,0.818893824097146
0.61,248053.452342946,55090.3830668539,0.818269822335721
0.61,247866.982685358,55280.8599360723,0.817643894615781
0.61,247676.655732554,55471.187147524,0.817016058499655
0.61,247482.535969352,55661.3631696475,0.816386332274082
0.61,247281.022974037,55854.8711768404,0.815743129551526
0.61,247075.708967745,56048.2194675491,0.815098003787209
0.61,246866.659328411,56241.4066562338,0.814450973208074
0.61,246653.938873108,56434.4310815497,0.813802056839092
0.61,246440.893548206,56624.3898937594,0.813161081168168
0.61,246224.409107283,56814.1878431381,0.812518311479533
0.61,246004.544787138,57003.8235234103,0.811873764935139
0.61,245781.359262886,57193.2952658123,0.81122745942303
0.61,245556.278678744,57381.4660486865,0.810583306149864
0.61,245328.029508658,57569.471752091,0.809937449095916
0.61,245096.66671917,57757.3108722141,0.809289904885644
0.61,244862.244722113,57944.981646879,0.808640690839165
0.61,244624.771132299,58132.5183523661,0.807989698773841
0.61,244384.343325595,58319.8832680935,0.807337069837566
0.61,244141.013089618,58507.0747323321,0.806682820455313
0.61,243894.83167162,58694.0908237695,0.80602696774313
0.61,243644.513296552,58881.9262399634,0.805366015842538
0.61,243391.414357492,59069.580629417,0.804703477114549
0.61,243135.584246242,59257.0521154404,0.804039368059991
0.61,242877.071835458,59444.3385564818,0.803373705886672
0.61,242613.296920214,59633.3104122869,0.802699818738794
0.61,242346.883129602,59822.089200804,0.802024381459683
0.61,242077.878086169,60010.672770628,0.801347410881931
0.61,241806.328922387,60199.0586964845,0.800668924580725
0.61,241528.201384631,60390.0323367872,0.799978849927595
0.61,241247.54864626,60580.7974717988,0.799287249686937
0.61,240964.417145732,60771.3516056187,0.798594141300835
0.61,240678.852870649,60961.6919552552,0.797899543012561
0.61,240412.693943955,61137.4885135678,0.79725600556657
0.61,240144.52861749,61313.0977747707,0.796611223578768
0.61,239874.391159637,61488.5175483205,0.795965210808649
0.61,239602.315519231,61663.7454581162,0.795317981527455
0.61,239343.350524234,61829.2225181167,0.794705002870821
0.61,239082.710641912,61994.5239749353,0.794090961231825
0.61,238820.422998511,62159.647806959,0.79347586821742
0.61,238556.514479589,62324.5918571532,0.792859735807405
0.61,238301.691324306,62482.7487914624,0.792267350108225
0.61,238045.421918128,62640.7361673615,0.79167402794261
0.61,237787.728795742,62798.5520542884,0.791079779567119
0.61,237528.634303472,62956.1944147496,0.790484615535161
0.61,237276.862756913,63108.4164251474,0.789908424950152
0.61,237023.821645971,63260.4725155903,0.789331397793471
0.61,236769.530130717,63412.36081915,0.788753543331698
0.61,236514.007221073,63564.0793817044,0.788174871076654
0.61,236264.565293724,63711.3330358077,0.787611826848105
0.61,236013.995244401,63858.4227718534,0.787048027977045
0.61,235762.313647867,64005.3467696573,0.786483482973083
0.61,235509.53695852,64152.1031358723,0.785918200555584
0.61,235261.923779735,64295.0947624606,0.785366087980997
0.61,235013.298726886,64437.9232979506,0.784813289916692
0.61,234763.676332858,64580.5869576599,0.784259814276169
0.61,234513.071033561,64723.0838944396,0.783705669156147
0.61,234266.933959824,64862.3438240615,0.783162837470817
0.61,234019.88257779,65001.4406202317,0.782619380032688
0.61,233771.929768146,65140.3725263486,0.78207530427379
0.61,233523.088333665,65279.1377316169,0.781530617789458
0.61,233278.173439851,65415.0750606917,0.780995802921295
0.61,233032.427503618,65550.8485512639,0.780460414871947
0.61,232785.862043472,65686.4564695608,0.779924460677607
0.61,232538.488515311,65821.8970344678,0.779387947521317
0.61,232294.609811315,65954.8343037273,0.778860160160812
0.61,232049.972102267,66087.6065119882,0.778331846595241
0.61,231804.585765965,66220.2119448807,0.777803013529331
0.61,231558.461130495,66352.6488462467,0.777273667801691
0.61,231315.480719917,66482.8449052019,0.776752119859487
0.61,231071.804338313,66612.8742693876,0.776230088223074
0.61,230827.44139647,66742.7352413155,0.775707579316466
0.61,230582.401266311,66872.4260863676,0.775184599686863
0.61,230340.216137519,67000.0917087445,0.774668654263363
0.61,230097.390726739,67127.5886708964,0.774152264029292
0.61,229853.933616316,67254.9152905222,0.773635435168036
0.61,229609.85335874,67382.0698522609,0.773118173976776
0.61,229368.386324641,67507.3787371106,0.7726073102563
0.61,229126.328617282,67632.5167260923,0.77209603761655
0.61,228883.688102856,67757.4821510064,0.771584362032349
0.61,228640.472625764,67882.2733139122,0.77107228958509
0.61,228399.665949808,68005.3700435104,0.770566077544501
0.61,228158.313113094,68128.2934198438,0.770059489974718
0.61,227916.421358071,68251.0417880844,0.769552532668305
0.61,227673.99791235,68373.6134665476,0.769045211518226
0.61,227433.808723785,68494.6193964806,0.76854329328359
0.61,227193.113569381,68615.449333029,0.768041030794413
0.61,226951.919144996,68736.1016341594,0.7675384296833
0.61,226710.232137288,68856.5746337141,0.767035495677082
0.61,226470.629067511,68975.5923411126,0.766537571500316
0.61,226230.556534718,69094.4312641355,0.766039332536277
0.61,225990.020752877,69213.0897732812,0.765540784275888
0.61,225749.02793181,69331.5662172622,0.765041932299227
0.61,225509.988612066,69448.6829155793,0.764547749839353
0.61,225270.513149088,69565.6179140245,0.764053280501319
0.61,225030.607329752,69682.3695955583,0.763558529649619
0.61,224790.276941186,69798.9363234489,0.76306350273339
0.61,224551.786102492,69914.2265301775,0.762572848713132
0.61,224312.88967592,70029.3320193151,0.762081934368817
0.61,224073.593068217,70144.2511862659,0.761590764951718
0.61,223833.90169021,70258.9824086297,0.761099345793702
0.61,223595.949710736,70372.5100533175,0.760612039435114
0.61,223357.620282572,70485.8498792648,0.760124498119886
0.61,223118.918472611,70599.0002944567,0.759636726997085
0.61,222879.84935496,70711.9596908845,0.759148731292286
0.61,222642.431131472,70823.7798039915,0.758664619077505
0.61,222404.66147389,70935.4089301369,0.758180296226031
0.61,222166.545144248,71046.8454900235,0.757695767794448
0.61,221928.086914712,71158.0878899214,0.757211038912517
0.61,221691.200977261,71268.247970373,0.75672999035743
0.61,221453.987742764,71378.2138424688,0.756248754556137
0.61,221216.451698503,71487.9839399791,0.75576733648043
0.61,220978.597344658,71597.5566835738,0.755285741172655
0.61,220742.245154764,71706.0978174904,0.754807645382031
0.61,220505.588136908,71814.441480962,0.754329384904482
0.61,220268.630530542,71922.5861209175,0.75385096463488
0.61,220031.376590038,72030.5301726003,0.753372389535413
0.61,219795.56198218,72137.4879554749,0.752897152374901
0.61,219559.463527625,72244.2449758273,0.752421772340249
0.61,219323.085241257,72350.7996940577,0.751946254255491
0.61,219086.43115483,72457.1505600987,0.751470603009374
0.61,218851.159886095,72562.5558643898,0.75099814475953
0.61,218615.624419319,72667.7570935937,0.750525564774205
0.61,218379.828565171,72772.7527219749,0.75005286781159
0.61,218143.776153104,72877.5412143655,0.749580058692595
0.61,217909.055537463,72981.4208331396,0.749110312088185
0.61,217674.089173961,73085.0930523794,0.748640464274361
0.61,217438.880687382,73188.556360458,0.748170519948498
0.61,217203.433722782,73291.80923737,0.747700483868427
0.61,216969.272333356,73394.1864271344,0.747233392450823
0.61,216734.882564872,73496.3528885811,0.746766219791086
0.61,216500.267872295,73598.3071245383,0.746298970529787
0.61,216265.431732161,73700.0476304399,0.745831649365826
0.61,216031.839156677,73800.9425721697,0.745367166088154
0.61,215798.03459161,73901.6234593884,0.744902621022842
0.61,215564.021336688,74002.0888096032,0.744438018757731
0.61,215329.802714116,74102.3371339422,0.743973363936557
0.61,215096.789355237,74201.767325894,0.743511449980443
0.61,214863.57950686,74300.9801458298,0.743049493219116
0.61,214630.176326216,74399.9741262839,0.742587498190743
0.61,214396.582993986,74498.7477942785,0.742125469487496
0.61,214164.15989789,74596.7283917802,0.741666093238539
0.61,213931.555002253,74694.4883139515,0.741206692730358
0.61,213698.771332983,74792.0261087903,0.740747272453688
0.61,213465.81194071,74889.3403194163,0.740287836952335
0.61,213233.990663169,74985.8844241388,0.739830973136659
0.61,213002.001535608,75082.2045695827,0.739374103201731
0.61,212769.847463314,75178.2993193358,0.738917231594193
0.61,212537.531376586,75274.1672330622,0.738460362811191
0.61,212306.323861119,75369.2861479557,0.738005991729441
0.61,212074.961767072,75464.1778434499,0.737551632290241
0.61,211843.447887977,75558.8408991768,0.737097288897603
0.61,211611.785043211,75653.2738914851,0.736642966004845
0.61,211381.203526559,75746.9773392426,0.736191072883071
0.61,211150.480079701,75840.4503355764,0.735739208811111
0.61,210919.617392793,75933.6914764278,0.73528737815241
0.61,210688.618182569,76026.6993550592,0.734835585318592
0.61,210458.675113099,76118.9956698594,0.734386159738494
0.61,210228.602188016,76211.0583331201,0.733936780282225
0.61,209998.402001804,76302.8859572906,0.733487451274783
0.61,209768.077175737,76394.4771528894,0.733038177087423
0.61,209538.785141329,76485.3734497657,0.732591212481773
0.61,209309.374796351,76576.0329303141,0.732144310759896
0.61,209079.8486463,76666.4542238003,0.731697476209683
0.61,208850.209223601,76756.6359582743,0.731250713163421
0.61,208621.580893664,76846.1382807467,0.730806206379516
0.61,208392.845308187,76935.4006606114,0.730361778942052
0.61,208164.004889571,77024.4217443068,0.729917435102687
0.61,207935.062087656,77113.2001775666,0.729473179156529
0.61,207707.110164922,77201.3136275057,0.729031130073742
0.61,207479.061587053,77289.1840500383,0.72858917651747
0.61,207250.91869904,77376.810108976,0.728147322704572
0.61,207022.683873538,77464.1904679977,0.727705572894026
0.61,206795.421049891,77550.9193217752,0.727265984079805
0.61,206568.071749049,77637.4021074348,0.726826506703246
0.61,206340.638243539,77723.637506439,0.726387144947265
0.61,206113.122833727,77809.624200664,0.725947903035613
0.61,205886.561753564,77894.9720117174,0.725510779442946
0.61,205659.923980355,77980.0707605518,0.725073782941706
0.61,205433.211718871,78064.9191464627,0.724636917682026
0.61,205206.427201845,78149.5158696834,0.724200187853636
0.61,204980.580434494,78233.4855583083,0.723765536559555
0.61,204754.666390812,78317.2032393784,0.723331027764457
0.61,204528.687211961,78400.667630251,0.722896665586452
0.61,204302.645066921,78483.8774498059,0.722462454181622
0.61,204077.52507433,78566.4713864982,0.722030284137357
0.61,203852.346878224,78648.8104211564,0.721598271762801
0.61,203627.112559927,78730.8932894177,0.721166421144703
0.61,203401.824228623,78812.718728924,0.720734736406622
0.61,203177.443350609,78893.9388038857,0.720305058239924
0.61,202953.013019719,78974.9011349881,0.719875552685958
0.61,202728.535260655,79055.6044764372,0.719446223800258
0.61,202504.012126211,79136.0475848254,0.719017075674465
0.61,202280.382554373,79215.895275262,0.718589901486355
0.61,202056.711977446,79295.4824344518,0.718162914633736
0.61,201833.002366872,79374.8078352853,0.717736119141842
0.61,201609.255721937,79453.8702535648,0.717309519070494
0.61,201386.389487359,79532.3466801734,0.716884862272973
0.61,201163.490410514,79610.5598441199,0.716460407320686
0.61,200940.560412298,79688.5085372185,0.716036158208707
0.61,200717.601441625,79766.1915545451,0.715612118966053
0.61,200495.510400892,79843.297533587,0.71518999412936
0.61,200273.394411919,79920.1375759727,0.714768085440936
0.61,200051.255347903,79996.710492538,0.714346396866469
0.61,199829.095109755,80073.0150978714,0.713924932404137
0.61,199607.790931249,80148.7511885714,0.713505355116079
0.61,199386.469444811,80224.2187272548,0.713086008078895
0.61,199165.132477963,80299.4165440729,0.712666895228485
0.61,198943.781886284,80374.3434731754,0.712248020533074
0.61,198723.27604142,80448.7100193152,0.711831007278025
0.61,198502.760288654,80522.8054579365,0.711414238181075
0.61,198282.236412177,80596.6286386097,0.710997717148869
0.61,198061.706224115,80670.178415289,0.710581448119392
0.61,197842.009978223,80743.1755832886,0.71016701616583
0.61,197622.310996565,80815.8991492101,0.709752842086942
0.61,197402.61102216,80888.347982138,0.709338929760601
0.61,197182.911825606,80960.5209559871,0.708925283094641
0.61,196964.036232684,81032.1487684096,0.708513450398282
0.61,196745.164859749,81103.5005460697,0.708101889107108
0.61,196526.299410421,81174.5751777269,0.707690603070245
0.61,196307.441615749,81245.3715573294,0.707279596165845
0.61,196089.397509617,81315.6299246359,0.706870381273431
0.61,195871.364373282,81385.6098872487,0.706461451134596
0.61,195653.343872812,81455.3103536802,0.706052809570128
0.61,195435.337701317,81524.7302380496,0.705644460428506
0.61,195218.135693584,81593.6189854399,0.705237882401159
0.61,195000.951209345,81662.2270216789,0.704831602297694
0.61,194783.785878457,81730.5532752201,0.704425623910241
0.61,194566.641357856,81798.5966803871,0.704019951058143
0.61,194350.291832423,81866.1155733944,0.70361602939424
0.61,194133.966196996,81933.3515129466,0.703212418649889
0.61,193917.666046654,82000.3034475445,0.70280912258863
0.61,193701.393003369,82066.9703318824,0.702406145000347
0.61,193485.906113593,82133.1190989249,0.702004899568904
0.61,193270.449301244,82198.9827350077,0.701603977880964
0.61,193055.024127948,82264.5602087751,0.701203383671525
0.61,192839.632182247,82329.8504953107,0.70080312070149
0.61,192625.017848371,82394.6288481991,0.700404571680999
0.61,192410.439607876,82459.1199579436,0.700006359059202
0.61,192195.898990451,82523.3228133307,0.699608486543133
0.61,191981.397552052,82587.2364100245,0.699210957864068
0.61,191767.66546047,82650.6440621318,0.698815125689255
0.61,191553.975313963,82713.7624246407,0.69841964240259
0.61,191340.328611114,82776.5905066492,0.698024511682595
0.61,191126.726876784,82839.1273243594,0.697629737231635
0.61,190913.88647622,82901.164008096,0.697236642538594
0.61,190701.09371464,82962.9094219117,0.696843909059844
0.61,190488.350060637,83024.3625952648,0.696451540445525
0.61,190275.657008861,83085.5225650014,0.69605954036882
0.61,190063.717512779,83146.1880459533,0.695669203955421
0.61,189851.831197809,83206.5603431405,0.695279240921397
0.61,189639.999503592,83266.6385064225,0.694889654888618
0.61,189428.223895602,83326.4215933217,0.694500449501215
0.61,189217.194278802,83385.715684771,0.694112892280154
0.61,189006.223239267,83444.7147453053,0.693725720445013
0.61,188795.31218858,83503.4178452403,0.693338937589356
0.61,188584.462563703,83561.8240628819,0.692952547327834
0.61,188374.351563932,83619.7466376265,0.692567790292049
0.61,188164.304396874,83677.3724012063,0.692183430492299
0.61,187954.322446656,83734.7004444997,0.691799471493387
0.61,187744.407122779,83791.7298665713,0.691415916880862
0.61,187535.223239667,83848.280868397,0.691033981066848
0.61,187326.108308775,83904.5333458973,0.690652454184275
0.61,187117.06368777,83960.4864104903,0.690271339769537
0.61,186908.090759231,84016.1391820882,0.68989064137864
0.61,186699.842257882,84071.318634939,0.689511547840884
0.61,186491.667696916,84126.1979174987,0.689132874777142
0.61,186283.568408175,84180.7761617742,0.688754625695207
0.61,186075.545748402,84235.0525084495,0.688376804122166
0.61,185868.240656268,84288.8605264991,0.688000573897645
0.61,185661.014365925,84342.3667954577,0.687624775539215
0.61,185453.868183836,84395.5704680004,0.687249412525595
0.61,185246.803441352,84448.4707056557,0.686874488354498
0.61,185040.449551513,84500.9075007679,0.686501142441091
0.61,184834.179201777,84553.04103526,0.686128239636384
0.61,184627.993674147,84604.8704824135,0.685755783390488
0.61,184421.894275047,84656.3950246456,0.685383777171419
0.61,184216.499147814,84707.4609135331,0.685013336505198
0.61,184011.192179828,84758.2220974722,0.684643350042711
0.61,183805.974629135,84808.6777703759,0.684273821205256
0.61,183600.847777962,84858.8271355124,0.683904753431357
0.61,183396.418740842,84908.5225465831,0.683537238862762
0.61,183192.082366425,84957.9118755177,0.683170189446795
0.61,182987.839889415,85006.9943368437,0.682803608575995
0.61,182783.692568458,85055.7691546553,0.682437499659463
0.61,182580.236717969,85104.0946337059,0.682072931934522
0.61,182376.877921445,85152.1127204243,0.681708840166731
0.61,182173.617390755,85199.822649946,0.681345227719789
0.61,181970.456361249,85247.22366723,0.680982097972916
0.61,181767.980566796,85294.1798820624,0.680620497719684
0.61,181565.606108383,85340.8274612486,0.68025938408493
0.61,181363.334175517,85387.165660519,0.679898760403434
0.61,181161.165980953,85433.1937456251,0.679538630024857
0.61,180959.676883233,85478.7814914048,0.679180017731473
0.61,180758.293297639,85524.0594248679,0.678821902576501
0.61,180557.016391623,85569.0268223536,0.678464287865459
0.61,180355.84735564,85613.6829704116,0.678107176918131
0.61,180155.351371793,85657.9031729096,0.677751572924276
0.61,179954.964972846,85701.812452888,0.677396476448464
0.61,179754.689304466,85745.4101072982,0.677041890766619
0.61,179554.525535527,85788.6954433913,0.676687819169093
0.61,179355.028858603,85831.5491630748,0.676335243648498
0.61,179155.645738565,85874.0909162846,0.675983185886347
0.61,178956.377299985,85916.3200204866,0.675631649129409
0.61,178757.224690406,85958.2358036275,0.675280636638279
0.61,178558.733294501,85999.7242380403,0.674931109592434
0.61,178360.359329358,86040.8997279726,0.674582110407742
0.61,178162.103898979,86081.7616113368,0.674233642301996
0.61,177963.968129659,86122.3092367903,0.67388570850546
0.61,177766.487768916,86162.4337238732,0.673539249747484
0.61,177569.128617263,86202.2443540808,0.673193328817203
0.61,177371.891758119,86241.7404858022,0.672847948902722
0.61,177174.778297183,86280.9214882936,0.672503113204423
0.61,176978.31451041,86319.6835081133,0.672159742353831
0.61,176781.975617655,86358.1308239813,0.671816919162282
0.61,176585.762682161,86396.2628146963,0.671474646788251
0.61,176389.676789226,86434.0788700853,0.671132928401927
0.61,176194.234902104,86471.4800467591,0.670792664875986
0.61,175998.921502566,86508.5657374001,0.670452958706203
0.61,175803.737634151,86545.335341132,0.670113813021608
0.61,175608.684362218,86581.7882682626,0.669775230962389
0.61,175414.269488598,86617.8303717225,0.669438093966749
0.61,175219.986607152,86653.5562716328,0.669101523891848
0.61,175025.836741872,86688.9653874074,0.668765523836953
0.61,174831.820938345,86724.0571497943,0.668430096911949
0.61,174638.437983355,86758.7420968962,0.668096105435183
0.61,174445.190437794,86793.1101871659,0.667762690311755
0.61,174252.079306612,86827.1608602005,0.667429854611482
0.61,174059.10561613,86860.8935670774,0.667097601414266
0.61,173866.759279585,86894.2234224049,0.666766774223612
0.61,173674.551684729,86927.2358313607,0.666436532688811
0.61,173482.483817608,86959.93025368,0.666106879849925
0.61,173290.556685201,86992.3061607537,0.665777818756208
0.61,173099.251463126,87024.283137516,0.665450174390713
0.61,172908.088231492,87055.942141737,0.665123124854037
0.61,172717.067957775,87087.2826532003,0.664796673156553
0.61,172526.191630171,87118.3041634787,0.664470822317315
0.61,172335.931817779,87148.9306239028,0.664146379084101
0.61,172145.817163122,87179.2386484852,0.663822539724744
0.61,171955.848615081,87209.2277370213,0.663499307219394
0.61,171766.027143465,87238.8974011568,0.663176684557103
0.61,171576.816838025,87268.1758566963,0.662855460527994
0.61,171387.754777713,87297.1354755171,0.66253484929073
0.61,171198.841893205,87325.7757773159,0.662214853795436
0.61,171010.079135889,87354.096293765,0.661895477000644
0.61,170821.922238796,87382.0294052326,0.661577490007972
0.61,170633.916595826,87409.6433410614,0.661260124598963
0.61,170446.063119827,87436.9376407356,0.660943383693916
0.61,170258.362744148,87463.9118558375,0.66062727022105
0.61,170071.262964848,87490.5024330692,0.660312537857078
0.61,169884.317372058,87516.7735571679,0.659998435743883
0.61,169697.526861029,87542.7247873114,0.659684966771894
0.61,169510.892347094,87568.3556949206,0.659372133838631
0.61,169324.853204417,87593.6066966655,0.659060673451062
0.61,169138.971105562,87618.5380286935,0.658749851857775
0.61,168953.246928263,87643.1492697952,0.658439671919061
0.61,168767.681570133,87667.4400111152,0.658130136501841
0.61,168582.706396562,87691.3545443366,0.657821965194676
0.61,168397.891050247,87714.9492516789,0.657514441102314
0.61,168213.236391902,87738.2237314051,0.657207567055346
0.61,168028.74330171,87761.1775942651,0.656901345890186
0.61,167844.835244825,87783.7589136977,0.656596480520249
0.61,167661.089726609,87806.0203109144,0.656292270664442
0.61,167477.507590548,87827.9614035959,0.655988719122933
0.61,167294.089699815,87849.5818219599,0.655685828701958
0.61,167111.251725921,87870.8333292318,0.655384285879436
0.61,166928.578931199,87891.7648772614,0.65508340674979
0.61,166746.072142392,87912.3761030016,0.654783194083208
0.61,166563.732205522,87932.6666560639,0.654483650655159
0.61,166381.967102306,87952.5918988305,0.654185446742857
0.61,166200.36974928,87972.1972040687,0.653887914582791
0.61,166018.940956571,87991.4822278962,0.653591056915034
0.61,165837.681553395,88010.4466391828,0.653294876484513
0.61,165656.991932344,88029.049310166,0.653000027597044
0.61,165476.472564331,88047.3321235021,0.65270585840286
0.61,165296.124243064,88065.2947543551,0.652412371611906
0.61,165115.947781148,88082.9368907295,0.652119569938561
0.61,164936.336081315,88100.2208265074,0.651828091944039
0.61,164756.897070549,88117.1850421018,0.651537301466714
0.61,164577.631526189,88133.8292316137,0.651247201186175
0.61,164398.540244493,88150.1531020504,0.650957793786357
0.61,164220.008733908,88166.1222819964,0.65066970230452
0.61,164041.65228264,88181.7719362323,0.650382306047393
0.61,163863.471652058,88197.1017776508,0.650095607664536
0.61,163685.467622261,88212.1115321336,0.649809609809445
0.61,163508.018402279,88226.7700769681,0.649524920214825
0.61,163330.746547581,88241.1093469568,0.649240933437528
0.61,163153.652803677,88255.1290736625,0.648957652096969
0.61,162976.737934425,88268.8290017313,0.648675078815775
0.61,162800.372941476,88282.1811722499,0.648393806236879
0.61,162624.187556345,88295.2143746001,0.648113243953532
0.61,162448.182509068,88307.9283588681,0.647833394555331
0.61,162272.358547647,88320.3228883123,0.647554260634371
0.61,162097.079556697,88332.373083875,0.647276419955867
0.61,161921.982354236,88344.1046731196,0.64699929693845
0.61,161747.067654733,88355.517424543,0.646722894141471
0.61,161572.33619045,88366.6111198817,0.646447214126404
0.61,161398.144817525,88377.3638769197,0.646172819989995
0.61,161224.137352833,88387.7984440628,0.645899150768247
0.61,161050.314495386,88397.9146080847,0.645626208990173
0.61,160876.676962016,88407.7121690508,0.64535399718685
0.61,160703.574666821,88417.17215949,0.645083063992518
0.61,160530.658339727,88426.3144304116,0.644812862855401
0.61,160357.928664526,88435.1387867212,0.644543396274293
0.61,160185.386342868,88443.6450466679,0.644274666749998
0.61,160013.374432235,88451.8170762479,0.64400720865873
0.61,159841.550490786,88459.6719100161,0.643740489657249
0.61,159669.915187533,88467.2093708548,0.643474512214564
0.61,159498.469208782,88474.4292950684,0.643209278800705
0.61,159327.54883914,88481.3183016753,0.642945309735843
0.61,159156.818382121,88487.8906888701,0.642682086684503
0.61,158986.278491995,88494.1462973759,0.642419612085712
0.61,158815.929840158,88500.0849813915,0.642157888379171
0.61,158646.102020381,88505.696033315,0.64189742202852
0.61,158476.466000209,88510.991094283,0.641637708507518
0.61,158307.022419199,88515.970022718,0.641378750225031
0.61,158137.771933882,88520.6326905683,0.64112054959025
0.61,157969.037528175,88524.9709847184,0.640863599408389
0.61,157800.49675343,88528.9939677972,0.640607408765416
0.61,157632.150234663,88532.701515777,0.640351980040064
0.61,157463.998613901,88536.0935181984,0.640097315611347
0.61,157296.358344469,88539.1643782886,0.639843894821746
0.61,157128.913482818,88541.9206579777,0.63959124017451
0.61,156961.664639648,88544.3622506349,0.639339354018361
0.61,156794.612442521,88546.4890632436,0.639088238701973
0.61,156628.066892097,88548.2979379374,0.638838360299035
0.61,156461.718472667,88549.7930130438,0.638589254537095
0.61,156295.567780911,88550.9741991757,0.638340923735089
0.61,156129.615430025,88551.8414206039,0.638093370211286
0.61,155964.16504536,88552.3938816156,0.637847046963958
0.61,155798.913462474,88552.6333733538,0.637601502752714
0.61,155633.861263995,88552.5598235231,0.637356739866443
0.61,155469.00904892,88552.1731735235,0.637112760593047
0.61,155304.654143408,88551.4749137199,0.636870005047218
0.61,155140.499658873,88550.4645638154,0.636628034829815
0.61,154976.546163921,88549.1420684483,0.636386852199527
0.61,154812.79424377,88547.5073859894,0.63614645941431
0.61,154649.534999307,88545.5642174516,0.63590728389419
0.61,154486.477744255,88543.3098861942,0.635668899892909
0.61,154323.623033619,88540.744353632,0.635431309639374
0.61,154160.971438869,88537.8675949477,0.635194515361439
0.61,153998.807909641,88534.6854470106,0.634958931973911
0.61,153836.847888565,88531.1931112989,0.634724146194883
0.61,153675.091917328,88527.3905658492,0.634490160223697
0.61,153513.540553563,88523.2778024893,0.634256976257778
0.61,153352.472668219,88518.8627197667,0.634024996894429
0.61,153191.609761129,88514.1384711353,0.633793821129654
0.61,153030.952360501,88509.1050510868,0.633563451132804
0.61,152870.501010543,88503.7624679348,0.633333889071293
0.61,152710.528574959,88498.1206083249,0.633105525411409
0.61,152550.762539814,88492.1706509419,0.632877971241284
0.61,152391.20342012,88485.9126065731,0.6326512287005
0.61,152231.85174676,88479.3464998526,0.632425299926412
0.61,152072.974447301,88472.4841325556,0.632200563440759
0.61,151914.304923449,88465.3147812453,0.63197664223812
0.61,151755.843677243,88457.8384728445,0.631753538428443
0.61,151597.591226459,88450.0552481453,0.631531254119157
0.61,151439.808631923,88441.9787516289,0.631310156071927
0.61,151282.235142288,88433.5964298494,0.631089879004353
0.61,151124.871246586,88424.9083256925,0.63087042499652
0.61,150967.717449456,88415.9144959314,0.630651796125717
0.61,150811.029013919,88406.6303559101,0.630434347577851
0.61,150654.550967204,88397.0415937029,0.630217725610087
0.61,150498.283785618,88387.1482679981,0.630001932272872
0.61,150342.227961132,88376.9504514007,0.62978696961383
0.61,150186.633026793,88366.4652588151,0.629573181426391
0.61,150031.249721004,88355.676690823,0.629360225324675
0.61,149876.078507438,88344.5848217455,0.629148103329444
0.61,149721.119865308,88333.1897398356,0.628936817458368
0.61,149566.617665035,88321.5101888187,0.628726700295531
0.61,149412.328289457,88309.5285522195,0.6285174206298
0.61,149258.252189949,88297.2449198383,0.628308980452549
0.61,149104.389833122,88284.6593954058,0.628101381751538
0.61,148950.979493445,88271.7922812789,0.627894946084243
0.61,148797.783131989,88258.6244138093,0.627689353232277
0.61,148644.801187926,88245.1558981049,0.627484605157588
0.61,148492.034115542,88231.3868532137,0.627280703818238
0.61,148339.714657815,88217.3390703337,0.627077959925418
0.61,148187.610290182,88202.9919081366,0.626876064074073
0.61,148035.721439696,88188.3454868649,0.626675018196679
0.61,147884.048548235,88173.3999406902,0.62647482422133
0.61,147732.818893858,88158.1784806398,0.626275782196635
0.61,147581.805400368,88142.6590564331,0.626077593348033
0.61,147431.008482856,88126.8418032778,0.625880259578573
0.61,147280.428571304,88110.7268703329,0.625683782786906
0.61,147130.287541642,88094.3388196621,0.625488452538343
0.61,146980.363703703,88077.6542605267,0.62529398051025
0.61,146830.657460586,88060.6733429099,0.625100368576058
0.61,146681.16923035,88043.396230768,0.624907618604784
0.61,146532.115550582,88025.8487690777,0.624716009859659
0.61,146383.280053861,88008.0062944782,0.624525264289536
0.61,146234.663131744,87989.8689715905,0.624335383738662
0.61,146086.265190461,87971.4369789892,0.624146370046388
0.61,145938.297491562,87952.7373768477,0.623958492353796
0.61,145790.548928559,87933.7442966157,0.623771482702064
0.61,145643.019881441,87914.4579173605,0.623585342906064
0.61,145495.710744938,87894.8784321234,0.623400074775757
0.61,145348.827567056,87875.0340491553,0.623215937510886
0.61,145202.164440116,87854.897761544,0.623032673064741
0.61,145055.72173292,87834.4697626633,0.622850283223159
0.61,144909.499828555,87813.7502598092,0.622668769766379
0.61,144763.699622444,87792.768542558,0.622488382132343
0.61,144618.120345471,87771.4965321432,0.622308872007964
0.61,144472.76235505,87749.9344360242,0.622130241149637
0.61,144327.62602313,87728.0824756272,0.621952491308365
0.61,144182.907153268,87705.9709556339,0.621775862340217
0.61,144038.410054546,87683.5707913584,0.621600115486377
0.61,143894.135073314,87660.8822041994,0.62142525247406
0.61,143750.08257018,87637.905429487,0.621251275024643
0.61,143606.443317082,87614.6717212834,0.621078413592348
0.61,143463.026641635,87591.1510544606,0.620906438793464
0.61,143319.832879271,87567.3436641838,0.620735352326061
0.61,143176.862379585,87543.2497995395,0.620565155882148
0.61,143034.30094225,87518.9015986722,0.620396070693756
0.61,142891.962854399,87494.2681610316,0.620227876573181
0.61,142749.848440637,87469.3497353671,0.620060575189319
0.61,142607.958039808,87444.1465843673,0.619894168204978
0.61,142466.472537847,87418.6916653804,0.619728867809413
0.61,142325.211123217,87392.9532670344,0.619564462832078
0.61,142184.174110069,87366.9316515318,0.619400954912992
0.61,142043.361826357,87340.6270949381,0.61923834568547
0.61,141902.950302616,87314.0733094496,0.619076838475911
0.61,141762.76357097,87287.2378370171,0.61891623095195
0.61,141622.801934981,87260.1209530719,0.618756524724428
0.61,141483.06571209,87232.7229469232,0.618597721397466
0.61,141343.726135442,87205.0782217674,0.618440015614912
0.61,141204.612023023,87177.1536364368,0.61828321370268
0.61,141065.723668172,87148.949479462,0.618127317242723
0.61,140927.061378021,87120.4660532347,0.617972327810057
0.61,140788.791644331,87091.738388261,0.617818431544789
0.61,140650.748015489,87062.7327237208,0.617665443253095
0.61,140512.930774475,87033.4493610152,0.61751336448775
0.61,140375.340218146,87003.8886154213,0.617362196794569
0.61,140238.138154367,86974.0860819222,0.61721211799118
0.61,140101.162804858,86944.0074426418,0.617062951183393
0.61,139964.414442612,86913.6530117247,0.616914697895082
0.61,139827.89335441,86883.0231171724,0.616767359642945
0.61,139691.756719206,86852.1538556366,0.616621106101443
0.61,139555.847377379,86821.0104147313,0.616475768497229
0.61,139420.165592186,86789.5931211995,0.616331348325408
0.61,139284.711640255,86757.9023155427,0.616187847073349
0.61,139149.638127962,86725.9745341262,0.616045426453943
0.61,139014.792458644,86693.7745318334,0.61590392563393
0.61,138880.174885631,86661.3026477569,0.615763346079313
0.61,138745.785675875,86628.5592348007,0.615623689248504
0.61,138611.772917305,86595.5812071356,0.61548510907292
0.61,138477.988522273,86562.3329485435,0.61534745247967
0.61,138344.432734598,86528.8148103601,0.615210720905959
0.61,138211.105811476,86495.0271576668,0.615074915781028
0.61,138078.151376815,86461.0072211442,0.614940183436093
0.61,137945.425798121,86426.7190745884,0.614806378378118
0.61,137812.92930968,86392.1630813665,0.614673502015351
0.61,137680.662159078,86357.3396185626,0.614541555747882
0.61,137548.763559755,86322.2861724033,0.614410678487995
0.61,137417.094281264,86286.9665674613,0.614280732141869
0.61,137285.654548447,86251.3811789481,0.614151718088754
0.61,137154.444599527,86215.5303958054,0.614023637699709
0.61,137023.599290772,86179.4518993213,0.613896622649993
0.61,136892.983740767,86143.1093250916,0.613770542063544
0.61,136762.59816521,86106.503060044,0.613645397290779
0.61,136632.442792943,86069.6335047618,0.613521189673575
0.61,136502.648176459,86032.5384756956,0.613398043833071
0.61,136373.08373036,85995.181479159,0.613275835928599
0.61,136243.749661389,85957.5629136408,0.613154567281793
0.61,136114.646189202,85919.6831912071,0.613034239205408
0.61,135985.899613999,85881.58020358,0.612914969448464
0.61,135857.383595299,85843.2173874782,0.61279664102423
0.61,135729.098330865,85804.5951527354,0.612679255225403
0.61,135601.044031467,85765.7139227752,0.61256281333576
0.61,135473.342796928,85726.6116053634,0.612447426415585
0.61,135345.872480084,85687.2516266397,0.612332984149171
0.61,135218.633269913,85647.6344076285,0.612219487800321
0.61,135091.625368328,85607.7603829081,0.612106938623735
0.61,134964.966725699,85567.6674173016,0.611995441174404
0.61,134838.539337628,85527.3189851613,0.611884891624718
0.61,134712.343384544,85486.7155185654,0.611775291209665
0.61,134586.37905959,85445.8574630596,0.611666641154811
0.61,134460.760215027,85404.7825822163,0.611559039694659
0.61,134335.372938393,85363.4544567735,0.611452389305508
0.61,134210.217401448,85321.8735296107,0.611346691193293
0.61,134085.293788752,85280.040257086,0.611241946554482
0.61,133960.711904659,85237.992243394,0.611138247487896
0.61,133836.361878697,85195.6932335686,0.61103550258933
0.61,133712.243874296,85153.1436811883,0.610933713035822
0.61,133588.358067624,85110.3440532715,0.610832879994765
0.61,133464.810264513,85067.3317367707,0.610733089614474
0.61,133341.494587398,85024.0706986835,0.610634256425489
0.61,133218.411191458,84980.5614031023,0.610536381575883
0.61,133095.560244551,84936.8043275184,0.610439466203912
0.61,132973.043603295,84892.8365842779,0.610343590693554
0.61,132850.759334124,84848.6224195494,0.610248675324419
0.61,132728.707584103,84804.1623077716,0.610154721215586
0.61,132606.88851291,84759.4567367397,0.610061729476144
0.61,132485.40007761,84714.5424875032,0.609969774913237
0.61,132364.14423932,84669.3841419263,0.609878783368466
0.61,132243.121137067,84623.9821846072,0.609788755931847
0.61,132122.330922586,84578.3371135139,0.609699693683344
0.61,132001.8677011,84532.4853215332,0.609611666040366
0.61,131881.637281036,84486.3917829244,0.609524604219834
0.61,131761.63979352,84440.0569922779,0.609438509282667
0.61,131641.875382321,84393.4814575101,0.609353382279551
0.61,131522.434349151,84346.7011272375,0.609269287426858
0.61,131403.226301705,84299.6814240432,0.609186161128507
0.61,131284.251363532,84252.4228524203,0.609104004416411
0.61,131165.509670619,84204.9259300851,0.609022818311976
0.61,131047.08776867,84157.2261054923,0.608942662019767
0.61,130928.899017521,84109.2893053055,0.608863476941889
0.61,130810.943533125,84061.1160436974,0.608785264081097
0.61,130693.221443672,84012.7068479574,0.608708024429371
0.61,130575.815586088,83964.0966109062,0.608631812369677
0.61,130458.643025497,83915.2518186283,0.608556574112514
0.61,130341.703870384,83866.1729948106,0.608482310631419
0.61,130224.99824156,83816.8606762686,0.608409022889088
0.61,130108.605313559,83767.3491448935,0.608336760637736
0.61,129992.445810585,83717.6055012806,0.608265474705671
0.61,129876.519833782,83667.6302784662,0.608195166037156
0.61,129760.827496566,83617.4240225664,0.608125835565445
0.61,129645.444357825,83567.0203499262,0.608057528604291
0.61,129530.294754559,83516.3870301893,0.607990200407955
0.61,129415.378780647,83465.5246055566,0.60792385189133
0.61,129300.69654219,83414.4336312577,0.607858483958139
0.61,129186.320028014,83363.1470034956,0.60779413767649
0.61,129072.177142694,83311.6332154424,0.607730772534138
0.61,128958.267972971,83259.892818299,0.607668389416538
0.61,128844.592617757,83207.9263762436,0.607606989197813
0.61,128731.219541579,83155.7660113402,0.607546608894618
0.61,128618.08017104,83103.380994113,0.607487212034266
0.61,128505.174585959,83050.7718846424,0.607428799472751
0.61,128392.502878278,82997.9392559343,0.607371372054566
0.61,128280.130032766,82944.9144018703,0.60731496293974
0.61,128167.990953822,82891.6674242418,0.607259539500623
0.61,128056.085714372,82838.198891803,0.607205102563611
0.61,127944.41439942,82784.5093861801,0.607151652943443
0.61,127833.038559357,82730.6293199374,0.607099220140093
0.61,127721.896531345,82676.5296791696,0.60704777517467
0.61,127610.988381541,82622.2110411419,0.606997318843888
0.61,127500.314188271,82567.6739960051,0.606947851932704
0.61,127389.932111132,82512.9480215191,0.606899400478097
0.61,127279.783876582,82458.005041358,0.606851938953073
0.61,127169.869544317,82402.8456412274,0.606805468124645
0.61,127060.189186014,82347.4704195963,0.606759988747851
0.61,126950.797614628,82291.907866712,0.606715523595394
0.61,126841.639902153,82236.1308964678,0.606672050393747
0.61,126732.716101799,82180.1401027816,0.606629569880058
0.61,126624.026278716,82123.9360922789,0.606588082779343
0.61,126515.621942894,82067.5463152517,0.606547608799941
0.61,126407.45146857,82010.9447281918,0.606508128722151
0.61,126299.514902589,81954.1319330702,0.606469643253147
0.61,126191.812303559,81897.1085444366,0.606432153087763
0.61,126084.391921395,81839.9009202773,0.606395675071043
0.61,125977.205390069,81782.4841119748,0.6063601928363
0.61,125870.252750046,81724.8587293215,0.606325707060573
0.61,125763.534053778,81667.0253947728,0.606292218408499
0.61,125657.094333904,81609.0093220998,0.606259741064343
0.61,125550.888441396,81550.786709267,0.606228261312033
0.61,125444.916410633,81492.3581738241,0.606197779798416
0.61,125339.178287941,81433.7243459267,0.606168297157771
0.61,125233.715931347,81374.9092436409,0.606139825117562
0.61,125128.487366442,81315.8902629061,0.606112352408545
0.61,125023.492621681,81256.6680288965,0.606085879647249
0.61,124918.73173729,81197.24317926,0.606060407437442
0.61,124814.243438348,81137.6384847964,0.606035945255044
0.61,124709.988883777,81077.8325909362,0.606012484072588
0.61,124605.968096174,81017.8261302973,0.605990024476129
0.61,124502.181109739,80957.6197478356,0.605968567038786
0.61,124398.663558426,80897.2349160835,0.605948119191831
0.61,124295.379693031,80836.6515809269,0.605928673942843
0.61,124192.32953032,80775.8703822204,0.605910231847245
0.61,124089.513098626,80714.8919720939,0.605892793447375
0.61,123986.962982711,80653.7364743609,0.605876364338365
0.61,123884.646483584,80592.3851857346,0.605860939354455
0.61,123782.56361221,80530.8387530982,0.605846519020271
0.61,123680.714391342,80469.0978357006,0.605833103847248
0.61,123579.128396718,80407.1811576065,0.605820697804266
0.61,123477.775939499,80345.0714172029,0.60580929734244
0.61,123376.657025216,80282.7692683991,0.605798902955487
0.61,123275.771670895,80220.275377253,0.605789515123738
0.61,123175.146484294,80157.6070180244,0.605781136401566
0.61,123074.754746127,80094.7483408598,0.605773764645339
0.61,122974.596456345,80031.7000063844,0.605767400317665
0.61,122874.671626615,79968.4626874644,0.60576204386764
0.61,122775.003936889,79905.0521584212,0.605757696648525
0.61,122675.569597361,79841.4540711198,0.605754357708615
0.61,122576.368602682,79777.6690928507,0.605752027479253
0.61,122477.400959185,79713.697903082,0.605750706378112
0.61,122378.687459387,79649.5547266375,0.605750394772541
0.61,122280.207202859,79585.2267665942,0.605751092687631
0.61,122181.960179143,79520.7146968086,0.605752800523273
0.61,122083.946389179,79456.0192030891,0.605755518665537
0.61,121986.183777357,79391.1529109491,0.605759246712894
0.61,121888.654293756,79326.104624534,0.605763985450257
0.61,121791.357922705,79260.8750239789,0.605769735245877
0.61,121694.29466003,79195.4648013851,0.605776496454035
0.61,121597.479641645,79129.8849337996,0.605784268123252
0.61,121500.897628662,79064.1258754829,0.605793051579361
0.61,121404.548600434,78998.1883127769,0.605802847158774
0.61,121308.432547652,78932.0729438408,0.605813655183795
0.61,121212.561837068,78865.7890483013,0.605825474373857
0.61,121116.924001822,78799.3287794631,0.605838306374859
0.61,121021.51901631,78732.6928296678,0.605852151491176
0.61,120926.346866359,78665.8819030893,0.605867010012914
0.61,120831.417187837,78598.9035326773,0.605882880553416
0.61,120736.720247776,78531.7516199044,0.605899764855669
0.61,120642.256015802,78464.4268630156,0.605917663191791
0.61,120548.024472944,78396.9299720204,0.605936575819479
0.61,120454.032563039,78329.2666847404,0.605956501470958
0.61,120360.273248458,78261.4326992512,0.6059774417613
0.61,120266.746494118,78193.4287195228,0.605999396930149
0.61,120173.452276314,78125.2554612208,0.606022367202582
0.61,120080.394884996,78056.9168184736,0.606046351656912
0.61,119987.56994011,77988.4103345699,0.606071351553024
0.61,119894.97740185,77919.7367189678,0.606097367097893
0.61,119802.617241879,77850.8966928375,0.606124398483748
0.61,119710.491134457,77781.8922584727,0.606152445364344
0.61,119618.597319048,77712.7228523956,0.606181508414995
0.61,119526.935751463,77643.3891895746,0.60621158780971
0.61,119435.506398832,77573.891996534,0.606242683707629
0.61,119344.308357059,77504.2313353236,0.606274796569788
0.61,119253.342448095,77434.4085841056,0.606307926255009
0.61,119162.608623306,77364.4244630938,0.606342072904129
0.61,119072.10684536,77294.2797039873,0.606377236642977
0.61,118981.833669492,77223.972380809,0.606413418973895
0.61,118891.792462743,77153.5058611466,0.606450618705071
0.61,118801.98317214,77082.8808703098,0.606488835943928
0.61,118712.405756097,77012.0981451108,0.606528070782681
0.61,118623.054266405,76941.1537237555,0.606568326001522
0.61,118533.934578117,76870.0530109367,0.60660959912139
0.61,118445.046634166,76798.7967370303,0.606651890215966
0.61,118356.390388629,76727.3856436649,0.606695199343674
0.61,118267.957426671,76655.8136854544,0.60673953080171
0.61,118179.756094943,76584.0883520714,0.606784880584413
0.61,118091.786332199,76512.2103786613,0.606831248731535
0.61,118004.048088423,76440.1805116391,0.606878635267374
0.61,117916.530518893,76367.9905745066,0.606927046247839
0.61,117829.244405305,76295.6501893632,0.606976475898837
0.61,117742.189682366,76223.1600960056,0.607026924225901
0.61,117655.366296103,76150.521045518,0.607078391218901
0.61,117568.761008361,76077.7226828471,0.607130884936894
0.61,117482.386999609,76004.7768098918,0.607184397592789
0.61,117396.24420075,75931.6841710751,0.607238929157526
0.61,117310.332553765,75858.4455218508,0.607294479586365
0.61,117224.636463345,75785.0482813053,0.607351059188724
0.61,117139.171472858,75711.5064785587,0.607408657917023
0.61,117053.937509316,75637.8208623613,0.607467275707423
0.61,116968.934510899,75563.9921925117,0.607526912480197
0.61,116884.144561217,75490.0056150395,0.607587581045195
0.61,116799.585530645,75415.877433421,0.607649268844101
0.61,116715.257342474,75341.6084006485,0.607711975777952
0.61,116631.15993114,75267.199280688,0.60777570173175
0.61,116547.273095039,75192.6328993985,0.607840462268821
0.61,116463.616995948,75117.9278817302,0.607906242066835
0.61,116380.191553489,75043.0849847409,0.60797304099142
0.61,116296.996698523,74968.1049764806,0.608040858891938
0.61,116214.009979849,74892.9683155432,0.608109714341348
0.61,116131.253815214,74817.6959953925,0.608179588996951
0.61,116048.728120773,74742.2887771008,0.608250482688561
0.61,115966.432823795,74666.7474325626,0.608322395229661
0.61,115884.343259057,74591.0500061925,0.608395348462048
0.61,115802.484065034,74515.2199069576,0.608469320763118
0.61,115720.855154434,74439.2578997374,0.608544311926594
0.61,115639.456451065,74363.1647601572,0.608620321729724
0.61,115558.26111095,74286.9160714691,0.608697375545716
0.61,115477.295958283,74210.5377051437,0.608775448209192
0.61,115396.560902453,74134.0304297554,0.60885453947741
0.61,115316.055863827,74057.3950244518,0.608934649091112
0.61,115235.751854484,73980.604564079,0.609015806221174
0.61,115155.677849862,73903.6874299394,0.609097981892806
0.61,115075.833755982,73826.6443940303,0.609181175826594
0.61,114996.219490035,73749.4762390369,0.609265387726257
0.61,114916.803955465,73672.1534847952,0.609350650829424
0.61,114837.618243801,73594.7070689754,0.609436932082559
0.61,114758.662257926,73517.1377669828,0.60952423116908
0.61,114679.935911774,73439.4463647356,0.6096125477555
0.61,114601.406035022,73361.6007801737,0.609701919419162
0.61,114523.105800725,73283.6345542841,0.60979230875443
0.61,114445.035108744,73205.5484657695,0.609883715407149
0.61,114367.193869883,73127.3433036698,0.609976139006226
0.61,114289.546874396,73048.9843367283,0.610069621745862
0.61,114212.12934282,72970.5077566171,0.610164121590759
0.61,114134.941171922,72891.914345031,0.610259638149005
0.61,114057.982269594,72813.2048941188,0.610356171011377
0.61,113981.215421488,72734.3419766926,0.610453767269201
0.61,113904.677861007,72655.3644818205,0.610552379976912
0.61,113828.369482039,72576.2731941778,0.6106520087043
0.61,113752.290189492,72497.0689087159,0.610752653003821
0.61,113676.400799002,72417.7114554078,0.61085436514829
0.61,113600.740522557,72338.2424677038,0.610957092997046
0.61,113525.309251285,72258.662733151,0.611060836081142
0.61,113450.106887228,72178.9730493938,0.611165593914287
0.61,113375.092309964,72099.130456023,0.611271424239958
0.61,113300.306676416,72019.1793784969,0.611378269432732
0.61,113225.749874946,71939.120606994,0.611486128984653
0.61,113151.421804819,71858.9549417089,0.611595002370279
0.61,113077.27944432,71778.6365851694,0.611704953095908
0.61,113003.365860787,71698.2128015464,0.611815917758757
0.61,112929.680939931,71617.6843835417,0.611927895811403
0.61,112856.224578451,71537.0521338921,0.612040886688666
0.61,112782.951887061,71456.2673702241,0.61215495995759
0.61,112709.907810014,71375.3802432524,0.612270046139704
0.61,112637.092230488,71294.3915480948,0.612386144647649
0.61,112564.505042545,71213.3020897221,0.612503254876314
0.61,112492.099523624,71132.0602535692,0.61262145275502
0.61,112419.922461007,71050.719124385,0.612740662427367
0.61,112347.973735301,70969.279499428,0.612860883265826
0.61,112276.253238172,70887.74218593,0.612982114624685
0.61,112204.712447735,70806.0525893657,0.613104439102194
0.61,112133.399960576,70724.266776291,0.613227774156916
0.61,112062.315654877,70642.3855460319,0.613352119120619
0.61,111991.459419872,70560.4097078059,0.613477473306748
0.61,111920.780968757,70478.281639733,0.613603926293137
0.61,111850.330673312,70396.0604376478,0.613731388542078
0.61,111780.108409493,70313.7469029397,0.613859859343981
0.61,111710.11406413,70231.3418466032,0.613989337971105
0.61,111640.295619335,70148.7845711735,0.614119921297473
0.61,111570.705188545,70066.1372500756,0.614251512471911
0.61,111501.342645517,69983.4006865554,0.614384110743111
0.61,111432.207874876,69900.5756933801,0.614517715341481
0.61,111363.247161243,69817.598448743,0.614652430759519
0.61,111294.514326396,69734.5342524697,0.614788152509736
0.61,111226.00924192,69651.3839094547,0.614924879798749
0.61,111157.731790347,69568.1482341332,0.61506261181459
0.61,111089.626593367,69484.7602324911,0.615201460994019
0.61,111021.749146874,69401.2883787492,0.615341314886725
0.61,110954.099320389,69317.733479346,0.615482172656716
0.61,110886.676994294,69234.096350073,0.615624033449454
0.61,110819.425161163,69150.3067756214,0.615767017978829
0.61,110752.400957591,69066.4364538969,0.615911005498001
0.61,110685.604251037,68982.4861926392,0.61605599512806
0.61,110619.034919984,68898.4568090641,0.616201985971067
0.61,110552.63436208,68814.2748175778,0.616349107355961
0.61,110486.46132061,68730.0151886947,0.616497229901034
0.61,110420.515661192,68645.6787314902,0.616646352683668
0.61,110354.797260381,68561.2662643273,0.616796474762263
0.61,110289.24595486,68476.7009816166,0.61694773442534
0.61,110223.922061028,68392.0611763724,0.617099993310948
0.61,110158.825442662,68307.3476587636,0.617253250452436
0.61,110093.955974553,68222.5612482661,0.617407504863852
0.61,110029.251966772,68137.6217696086,0.6175629041433
0.61,109964.775274761,68052.6108880406,0.617719300597949
0.61,109900.52576064,67967.529414826,0.617876693216348
0.61,109836.503297387,67882.3781702411,0.618035080967994
0.61,109772.644702729,67797.0735589902,0.618194621117412
0.61,109709.013337357,67711.7006691999,0.618355156282949
0.61,109645.609061658,67626.2603128818,0.618516685408212
0.61,109582.43174696,67540.7533110785,0.61867920741744
0.61,109519.416753047,67455.0925976975,0.618842889605029
0.61,109456.628911727,67369.3667345422,0.619007564536432
0.61,109394.068081868,67283.5765344094,0.619173231109453
0.61,109331.734133205,67197.7228189353,0.619339888202603
0.61,109269.561002302,67111.7150002227,0.61950771351001
0.61,109207.61495769,67025.6451648635,0.619676529173588
0.61,109145.895856775,66939.5141262677,0.61984633404486
0.61,109084.403567829,66853.322706598,0.620017126955931
0.61,109023.070638774,66766.9767441877,0.620189096378507
0.61,108961.964740681,66680.5719025633,0.620362053652178
0.61,108901.085729524,66594.1089955403,0.620535997581765
0.61,108840.433472145,66507.5888455994,0.620710926952558
0.61,108779.939162824,66420.9136651101,0.620887041398466
0.61,108719.67184055,66334.1827468813,0.621064141071223
0.61,108659.631359993,66247.3969050683,0.621242224728247
0.61,108599.817586701,66160.5569624037,0.621421291107306
0.61,108540.160396479,66073.5614524311,0.621601551396956
0.61,108480.730161448,65986.5133502657,0.621782794167689
0.61,108421.526734985,65899.4134701593,0.621965018129162
0.61,108362.549981424,65812.2626349594,0.622148221971052
0.61,108303.728493122,65724.9556453071,0.622332628838203
0.61,108245.133940704,65637.5992128694,0.622518015317264
0.61,108186.766176387,65550.1941519291,0.622704380069406
0.61,108128.625063348,65462.7412852766,0.622891721735704
0.61,108070.637946587,65375.1316270596,0.62308027582477
0.61,108012.877759549,65287.4756792666,0.623269806530911
0.61,107955.344353394,65199.7742561105,0.623460312466144
0.61,107898.037590176,65112.0281801167,0.623651792222503
0.61,107840.883603358,65024.1246237585,0.623844494090283
0.61,107783.956553852,64936.1779347844,0.624038169452348
0.61,107727.256291773,64848.1889270948,0.624232816871188
0.61,107670.782678213,64760.1584229202,0.624428434888971
0.61,107614.460671226,64671.969697064,0.624625285004645
0.61,107558.365623399,64583.7409990828,0.624823105361903
0.61,107502.497383978,64495.4731425716,0.625021894472783
0.61,107446.855813193,64407.1669493664,0.625221650828889
0.61,107391.364730171,64318.7017397123,0.625422649574284
0.61,107336.100643162,64230.1997221029,0.625624615175844
0.61,107281.063400561,64141.6617095844,0.625827546094773
0.61,107226.252861752,64053.0885233546,0.626031440771734
0.61,107171.591744258,63964.355472037,0.626236588440452
0.61,107117.157675194,63875.5887804481,0.626442699445042
0.61,107062.950502163,63786.7892609141,0.626649772195327
0.61,107008.970083834,63697.9577339303,0.626857805080235
0.61,106955.138073016,63608.9654370637,0.627067101881113
0.61,106901.53317921,63519.9426710051,0.627277358360437
0.61,106848.155249399,63430.8902473691,0.627488572875674
0.61,106795.004141578,63341.8089857411,0.627700743763548
0.61,106742.000482142,63252.5659937069,0.627914189817983
0.61,106689.224025186,63163.2957070278,0.628128591753542
0.61,106636.674617136,63073.9989364364,0.628343947874759
0.61,106584.352115378,62984.6765004362,0.628560256465596
0.61,106532.176158125,62895.1913156612,0.628777851810792
0.61,106480.227506362,62805.6820141964,0.628996399097415
0.61,106428.506006002,62716.1494056846,0.629215896576584
0.61,106377.011513992,62626.5943075569,0.62943634247849
0.61,106325.662719315,62536.8753836395,0.629658087067771
0.61,106274.541351376,62447.1355243827,0.629880779513787
0.61,106223.647255681,62357.3755382409,0.630104418013478
0.61,106172.980288786,62267.5962413653,0.630329000742768
0.61,106122.458229583,62177.6519809556,0.630554894449129
0.61,106072.163737302,62087.6899699156,0.630781731779952
0.61,106022.09665717,61997.7110154494,0.631009510877136
0.61,105972.25684542,61907.7159322568,0.631238229861752
0.61,105922.561211586,61817.554687459,0.631468272475356
0.61,105873.093304588,61727.3788802209,0.631699254330526
0.61,105823.852969379,61637.1893162165,0.631931173513791
0.61,105774.840061999,61546.9868086322,0.632164028090497
0.61,105725.970662796,61456.6168773821,0.632398219326444
0.61,105677.329170756,61366.2355752435,0.632633345268015
0.61,105628.91543071,61275.8437063348,0.632869403945387
0.61,105580.729298593,61185.442082194,0.633106393367479
0.61,105532.686067466,61094.871708692,0.633344732863667
0.61,105484.870945102,61004.2931594005,0.633584002373217
0.61,105437.283776243,60913.7072366398,0.633824199869525
0.61,105389.92441681,60823.1147501648,0.634065323304372
0.61,105342.707414706,60732.3521223068,0.634307810627209
0.61,105295.718745011,60641.5845172886,0.634551223112071
0.61,105248.958252489,60550.8127355344,0.634795558674757
0.61,105202.425793104,60460.037584809,0.63504081520938
0.61,105156.035212769,60369.090833043,0.635287449856194
0.61,105109.873211336,60278.1423062746,0.635535004651797
0.61,105063.93963376,60187.192803043,0.63578347745326
0.61,105018.234336102,60096.2431289162,0.636032866096503
0.61,104972.670506548,60005.1203250824,0.636283647498219
0.61,104927.335526175,59913.9989521647,0.636535343870092
0.61,104882.22924011,59822.8798064656,0.636787953010317
0.61,104837.351504722,59731.7636914402,0.637041472695278
0.61,104792.614895498,59640.4728468386,0.637296400221505
0.61,104748.107430341,59549.1866427912,0.637552237371089
0.61,104703.828954742,59457.9058734119,0.637808981882087
0.61,104659.779325399,59366.6313397634,0.638066631471
0.61,104615.870551017,59275.1804030381,0.638325704436082
0.61,104572.191241186,59183.7373204559,0.638585681506012
0.61,104528.741241817,59092.3028837361,0.638846560358139
0.61,104485.520410058,59000.8778914512,0.639108338648216
0.61,104442.440235183,58909.2747475349,0.639371556314745
0.61,104399.589871881,58817.6826754061,0.639635672392666
0.61,104356.969166588,58726.1024642562,0.639900684497842
0.61,104314.577977,58634.5349100337,0.640166590224503
0.61,104272.327321471,58542.7873782728,0.640433951809483
0.61,104230.30685208,58451.0541401606,0.640702205934037
0.61,104188.516415902,58359.3359822633,0.640971350151644
0.61,104146.955871256,58267.6336976994,0.641241381994435
0.61,104105.535815415,58175.7495300421,0.641512886675749
0.61,104064.346348856,58083.8828822931,0.641785277842954
0.61,104023.387319369,57992.0345381883,0.642058552986551
0.61,103982.658586061,57900.2052880274,0.642332709575352
0.61,103942.070376073,57808.1921665602,0.642608356500669
0.61,103901.713188161,57716.199795828,0.642884883672853
0.61,103861.586870982,57624.2289567117,0.643162288518285
0.61,103821.691284494,57532.2804364502,0.64344056844197
0.61,103781.936338604,57440.1459723244,0.643720356734092
0.61,103742.412878404,57348.0354946633,0.644001018844693
0.61,103703.120753463,57255.9497812152,0.64428255213564
0.61,103664.059824734,57163.889616097,0.644564953947089
0.61,103625.13973898,57071.6413465241,0.644848882715595
0.61,103586.451634477,56979.4203041925,0.645133678681378
0.61,103547.995361868,56887.2272636939,0.645419339140617
0.61,103509.770783165,56795.0630057814,0.645705861368121
0.61,103471.687338233,56702.7083928401,0.645993929716197
0.61,103433.836403315,56610.3842533145,0.646282858443414
0.61,103396.217830195,56518.0913583986,0.646572644779745
0.61,103358.831482107,56425.8304854572,0.646863285933468
0.61,103321.586649769,56333.3769130732,0.647155492970943
0.61,103284.574890641,56240.9570658755,0.647448553368839
0.61,103247.796057811,56148.5717116361,0.647742464289713
0.61,103211.250015856,56056.2216241982,0.648037222874451
0.61,103174.845966137,55963.6763958817,0.648333567729302
0.61,103138.675588622,55871.1681505266,0.64863075872094
0.61,103102.738737826,55778.6976523502,0.648928792943623
0.61,103067.035279788,55686.265671541,0.649227667469961
0.61,103031.47438862,55593.6360083167,0.649528149299933
0.61,102996.147805857,55501.0465922358,0.649829469833798
0.61,102961.055387549,55408.498183793,0.650131626096725
0.61,102926.197001311,55315.991549353,0.650434615092279
0.61,102891.481858171,55223.2845864984,0.650739233101145
0.61,102857.001698316,55130.6211418129,0.651044682167282
0.61,102822.75637942,55038.0019718285,0.651350959246212
0.61,102788.745770805,54945.4278389533,0.651658061271549
0.61,102754.879187527,54852.6506245497,0.65196681472038
0.61,102721.248302551,54759.9202064397,0.652276391362227
0.61,102687.852975375,54667.2373372399,0.652586788081444
0.61,102654.693077147,54574.6027752329,0.652898001740896
0.61,102621.67809602,54481.762265453,0.653210889970976
0.61,102588.89957001,54388.9718378075,0.653524593307111
0.61,102556.357360558,54296.2322408294,0.653839108561654
0.61,102524.051340772,54203.5442285078,0.654154432525907
0.61,102491.891244391,54110.6472860858,0.654471454972262
0.61,102459.96840339,54017.8037197966,0.654789284210468
0.61,102428.282681288,53925.0142739214,0.655107916980034
0.61,102396.833953352,53832.2796982013,0.65542734999914
0.61,102365.532274088,53739.3330882691,0.655748506213902
0.61,102334.468695723,53646.4431572877,0.656070460673793
0.61,102303.643083984,53553.6106451199,0.656393210044612
0.61,102273.055316402,53460.8362969829,0.656716750970935
0.61,102242.615847092,53367.8466845197,0.65704204064249
0.61,102212.415371281,53274.917063175,0.657368119775079
0.61,102182.45375706,53182.0481682606,0.657694984959796
0.61,102152.730884374,53089.2407403378,0.658022632766623
0.61,102123.157689022,52996.2146856656,0.658352055746754
0.61,102093.824428795,52903.2519442435,0.658682259161335
0.61,102064.730974316,52810.3532467363,0.659013239525602
0.61,102035.877208121,52717.519328952,0.659344993333812
0.61,102007.174633886,52624.4632848644,0.659678549660611
0.61,101978.712987494,52531.4738868591,0.660012877147205
0.61,101950.492142255,52438.5518607869,0.660347972232061
0.61,101922.511983481,52345.69793764,0.660683831332424
0.61,101894.684672877,52252.6182447569,0.661021521260887
0.61,101867.099336084,52159.6085422113,0.661359972820913
0.61,101839.7558493,52066.6695510135,0.66169918237275
0.61,101812.654100754,51973.8019971012,0.662039146255961
0.61,101785.707004828,51880.7048795519,0.662380970289153
0.61,101759.002984239,51787.6811089052,0.662723546165999
0.61,101732.541918237,51694.7314011637,0.663066870167555
0.61,101706.323698141,51601.8564770431,0.66341093855476
0.61,101680.262090455,51508.7480377391,0.663756897478254
0.61,101654.444717602,51415.7163150939,0.664103598191738
0.61,101628.871462036,51322.7620198306,0.664451036896476
0.61,101603.542218401,51229.8858674845,0.664799209773037
0.61,101578.371710186,51136.7720840444,0.665149304688824
0.61,101553.446656807,51043.7384010886,0.665500131069111
0.61,101528.766944149,50950.7855240689,0.665851685033712
0.61,101504.332470333,50857.9141630324,0.666203962682346
0.61,101480.059026133,50764.8008816093,0.666558195052549
0.61,101456.032319988,50671.7710996249,0.666913148283242
0.61,101432.252241412,50578.825517092,0.667268818411739
0.61,101408.718692221,50485.9648385066,0.667625201455496
0.61,101385.348647057,50392.8577688689,0.667983573143732
0.61,101362.226689249,50299.8376138547,0.668342654803062
0.61,101339.352712145,50206.9050679064,0.668702442387097
0.61,101316.726621475,50114.0608298347,0.669062931829844
0.61,101294.266698806,50020.9655386552,0.669425445151771
0.61,101272.056281892,49927.9605946353,0.66978865726313
0.61,101250.095268155,49835.0466865835,0.67015256403232
0.61,101228.383567484,49742.2245075603,0.670517161308414
0.61,101206.840898729,49649.1464124205,0.670883819082261
0.61,101185.549226493,49556.1621157808,0.671251164163456
0.61,101164.508452481,49463.2723005799,0.671619192334315
0.61,101143.718490945,49370.477653891,0.671987899358125
0.61,101123.10063623,49277.4220161654,0.672358704962381
0.61,101102.735344553,49184.4636483287,0.67273018608419
0.61,101082.622522163,49091.6032273854,0.673102338418195
0.61,101062.762087918,48998.8414342535,0.67347515764075
0.61,101043.077058234,48905.8133510434,0.673850115078828
0.61,101023.646237531,48812.8860307184,0.674225735928475
0.61,101004.469536832,48720.0601441139,0.674602015795719
0.61,100985.546879886,48627.3363659605,0.674978950268239
0.61,100966.803161364,48534.3407635514,0.675358064230419
0.61,100948.315381043,48441.4494401342,0.675737829173775
0.61,100930.083455012,48348.6630603445,0.676118240613906
0.61,100912.107312185,48255.9822925899,0.676499294048443
0.61,100894.313891365,48163.0239155703,0.676882569994959
0.61,100876.778225406,48070.1733585657,0.677266484158521
0.61,100859.500235749,47977.4312798783,0.677651031962851
0.61,100842.479856759,47884.7983414567,0.678036208814106
0.61,100825.646248706,47791.8817452416,0.678423653048597
0.61,100809.072304041,47699.0765368861,0.678811722392564
0.61,100792.757949854,47606.3833682241,0.679200412176342
0.61,100776.703126247,47513.8028945092,0.679589717713563
0.61,100760.83940406,47420.9324332142,0.679981337479959
0.61,100745.237350385,47328.1769564707,0.680373568894742
0.61,100729.896898265,47235.5371094102,0.680766407193723
0.61,100714.81799388,47143.0135405548,0.681159847596063
0.61,100699.93482115,47050.1933568656,0.681555651172244
0.61,100685.315423712,46957.4917853893,0.681952052571818
0.61,100670.959740903,46864.9094644874,0.682349046934173
0.61,100656.867725319,46772.4470357795,0.68274662938255
0.61,100642.976390926,46679.6810482799,0.683146626189913
0.61,100629.351045695,46587.0373340278,0.683547206620342
0.61,100615.991635614,46494.5165244792,0.683948365715103
0.61,100602.898120056,46402.1192542133,0.684350098499867
0.61,100590.010575957,46309.411144108,0.684754299221435
0.61,100577.391347815,46216.8290042247,0.685159068978409
0.61,100565.040388644,46124.373458978,0.685564402712175
0.61,100552.957664977,46032.045135768,0.685970295349109
0.61,100541.086567178,45939.3983321291,0.686378712060459
0.61,100529.486231327,45846.8812344429,0.686787682819332
0.61,100518.156617868,45754.4944599132,0.687197202465531
0.61,100507.097700891,45662.2386285881,0.687607265824474
0.61,100496.256454017,45569.6562925471,0.688019912136419
0.61,100485.68854103,45477.2074399003,0.688433097094472
0.61,100475.39393023,45384.8926805364,0.688846815434774
0.61,100465.372603707,45292.7126270432,0.689261061879757
0.61,100455.575409454,45200.1976337686,0.689677953098669
0.61,100446.054254262,45107.8199462922,0.690095367134374
0.61,100436.809114744,45015.5801671135,0.690513298617031
0.61,100427.839981459,44923.4789012824,0.690931742163803
0.61,100419.1018915,44831.0338203663,0.691352895467871
0.61,100410.642686901,44738.7299163806,0.691774555315101
0.61,100402.462353063,44646.5677841667,0.692196716228113
0.61,100394.560889495,44554.5480209641,0.692619372717308
0.61,100386.897863435,44462.1750963818,0.693044807344289
0.61,100379.516718658,44369.9472722202,0.693470731780974
0.61,100372.417449878,44277.8651356504,0.693897140439599
0.61,100365.600066092,44185.9292760843,0.694324027721013
0.61,100359.02903457,44093.6303998276,0.694753765195631
0.61,100352.743039141,44001.4806043127,0.695183975267715
0.61,100346.742084387,43909.4804688344,0.695614652237032
0.61,100341.026189341,43817.6305746705,0.696045790393287
0.61,100335.565123747,43725.4072624439,0.69647985475742
0.61,100330.392417977,43633.3370726193,0.696914374009258
0.61,100325.508087071,43541.4205764401,0.697349342333716
0.61,100320.912160716,43449.6583470599,0.697784753906156
0.61,100316.580149653,43357.511709155,0.698223171984525
0.61,100312.540001992,43265.5223017247,0.698662026722416
0.61,100308.791743872,43173.6906879098,0.699101312186758
0.61,100305.33541628,43082.0174324937,0.6995410224364
0.61,100302.152749802,42989.9481396945,0.699983824140821
0.61,100299.265642082,42898.0402575147,0.700427043735077
0.61,100296.67413104,42806.2943407509,0.700870675165701
0.61,100294.378269662,42714.7109456632,0.701314712372242
0.61,100292.366532555,42622.7191934486,0.701761931031097
0.61,100290.654254368,42530.8931100872,0.702209548244455
0.61,100289.241485546,42439.2332418828,0.702657557835396
0.61,100288.128291831,42347.7401365085,0.703105953620746
0.61,100287.310466928,42255.8256046091,0.703557626349666
0.61,100286.796220195,42164.081084671,0.704009677705013
0.61,100286.585615402,42072.5071143235,0.704462101383295
0.61,100286.678731857,41981.1042324613,0.704914891075582
0.61,100287.079314822,41889.2660391663,0.705371059195036
0.61,100287.787829971,41797.6022931373,0.705827585391277
0.61,100288.804355266,41706.1135232663,0.706284463230274
0.61,100290.128984467,41614.800259506,0.706741686273922
0.61,100291.774111732,41523.0369079549,0.707202395790729
0.61,100293.731777236,41431.4525394948,0.707663442180448
0.61,100296.002074073,41340.0476740921,0.708124818874881
0.61,100298.585111412,41248.8228324694,0.708586519303673
0.61,100301.502703221,41157.1321539302,0.70905182143535
0.61,100304.737710429,41065.6251037572,0.709517438547336
0.61,100308.290242277,40974.3021928901,0.709983363932873
0.61,100312.160424384,40883.1639328001,0.710449590884629
0.61,100316.380345129,40791.5430203873,0.710919542662933
0.61,100320.922850626,40700.1105013025,0.711389786800581
0.61,100325.788067382,40608.8668772332,0.711860316448132
0.61,100330.976138601,40517.8126501624,0.712331124757283
0.61,100336.530377337,40426.2577812425,0.712805789725482
0.61,100342.412685811,40334.8962015112,0.713280723660856
0.61,100348.623209014,40243.7284032052,0.713755919566627
0.61,100355.162108975,40152.7548786069,0.714231370449001
0.61,100362.084983178,40061.2614295109,0.714710819440413
0.61,100369.341753832,39969.9663088885,0.715190513188043
0.61,100376.93258575,39878.8699993222,0.715670444542687
0.61,100384.857661143,39787.9729832639,0.716150606359667
0.61,100393.186047613,39696.5353305573,0.716634918393499
0.61,100401.854528143,39605.3012030439,0.717119450100923
0.61,100410.863288816,39514.2710735888,0.717604194173956
0.61,100420.212533525,39423.4454145579,0.718089143311785
0.61,100429.986131442,39332.0568183711,0.718578406638671
0.61,100440.106424623,39240.8771174486,0.719067863624906
0.61,100450.573622046,39149.9067746935,0.71955750679775
0.61,100461.387950927,39059.1462522097,0.72004732869399
0.61,100472.6495821,38967.7987261168,0.720541641977635
0.61,100484.264950154,38876.6656565356,0.721036121908119
0.61,100496.234288736,38785.7474962411,0.721530760840851
0.61,100508.557850217,38695.0446968038,0.722025551143814
0.61,100521.353804309,38603.7288514162,0.722525024858789
0.61,100534.511018927,38512.6332352015,0.72302463713448
0.61,100548.029754379,38421.7582905482,0.723524380147094
0.61,100561.910290191,38331.1044583804,0.724024246087764
0.61,100576.290722617,38239.8093227542,0.724529004126641
0.61,100591.040468479,38148.7404233925,0.725033871481142
0.61,100606.159816939,38057.8981921139,0.725538840139605
0.61,100621.649076939,37967.2830589004,0.726043902108385
0.61,100637.668470603,37875.9958684332,0.726554083677079
0.61,100654.065813735,37784.9411820853,0.727064344060008
0.61,100670.841426817,37694.1194208552,0.727574675048309
0.61,100687.995650724,37603.5310035013,0.728085068454537
0.61,100705.713354648,37512.2369492393,0.728600830306306
0.61,100723.818288937,37421.1819578693,0.729116639103742
0.61,100742.310808159,37330.366439335,0.729632486430167
0.61,100761.191287927,37239.7908009823,0.730148363893599
0.61,100780.672149218,37148.4727323034,0.730669882973514
0.61,100800.55023777,37057.4006110802,0.731191415635428
0.61,100820.825945329,36966.5748360334,0.731712953242431
0.61,100841.499685449,36875.9958027226,0.732234487186925
0.61,100862.81479574,36784.6338714767,0.732761963787581
0.61,100884.537928599,36693.5251385791,0.733289418963095
0.61,100906.669516483,36602.6699912321,0.733816843842971
0.61,100929.2100145,36512.068812868,0.734344229591106
0.61,100952.437598192,36420.6400429663,0.734877891153439
0.61,100976.084894305,36329.4721359289,0.73541149446756
0.61,101000.152380049,36238.5654670473,0.735945030414651
0.61,101024.640556162,36147.9204074151,0.736478489914515
0.61,101049.867034793,36056.3981738482,0.737018595620124
0.61,101075.525923132,35965.1449368222,0.737558604236723
0.61,101101.617747706,35874.1610595395,0.738098506378837
0.61,101128.143059624,35783.4469002721,0.738638292705872
0.61,101155.464337795,35691.8002926008,0.739185139074581
0.61,101183.231863873,35600.4313502331,0.739731847256436
0.61,101211.44621901,35509.3404239176,0.740278407579259
0.61,101240.108010104,35418.5278587389,0.740824810422289
0.61,101269.631046139,35326.7208866627,0.741378738254726
0.61,101299.615468412,35235.2008625135,0.741932484260188
0.61,101330.061918881,35143.9681241373,0.742486038456844
0.61,101360.971066566,35053.0230028879,0.743039390921718
0.61,101392.815804396,34961.0136157311,0.743600793872749
0.61,101425.138558546,34869.3011676178,0.744161968472995
0.61,101457.940038946,34777.8859831824,0.744722904403034
0.61,101491.220984115,34686.7683795476,0.745283591411262
0.61,101525.52276183,34594.5072204336,0.745852926825381
0.61,101560.320910484,34502.5538154421,0.746421984064785
0.61,101595.616216516,34410.9084754116,0.746990752441055
0.61,101631.409496632,34319.5715027319,0.74755922134249
0.61,101668.32208152,34227.0003221642,0.748137024021392
0.61,101705.751402591,34134.7486765211,0.748714494891867
0.61,101743.698332871,34042.8168624263,0.749291622857663
0.61,101782.163777665,33951.2051667917,0.749868396910676
0.61,101821.863245021,33858.2547672685,0.75045529689028
0.61,101862.102180202,33765.6368258668,0.751041806983482
0.61,101902.881554976,33673.3516244498,0.751627915640011
0.61,101944.202375814,33581.3994335421,0.7522136114121
0.61,101986.892137521,33487.9869759356,0.752810357203639
0.61,102030.146913661,33394.921264961,0.753406649787216
0.61,102073.967789642,33302.2025668917,0.754002477103723
0.61,102118.355888317,33209.8311350431,0.754597827211633
0.61,102164.273326809,33115.8565386198,0.755205316763356
0.61,102210.784715813,33022.2446282006,0.755812283519903
0.61,102257.891272662,32928.9956537604,0.756418714844122
0.61,102305.59425554,32836.1098501193,0.757024598236184
0.61,102355.019632261,32741.4509147972,0.757643920805522
0.61,102405.072033578,32647.1726280551,0.758262643395146
0.61,102455.752831745,32553.275222611,0.758880752704147
0.61,102507.063443981,32459.7589134201,0.759498235592563
0.61,102560.332132136,32364.2645454045,0.760130729738236
0.61,102614.266052157,32269.1713070509,0.760762537352047
0.61,102668.866760632,32174.4794125896,0.761393644360784
0.61,102724.135864243,32080.1890552291,0.76202403688166
0.61,102781.65553212,31983.6696890767,0.762671372353531
0.61,102839.885126023,31887.575125575,0.763317922968145
0.61,102898.826425187,31791.9055590966,0.7639636737381
0.61,102958.481265446,31696.6611588261,0.764608609903987
0.61,103020.75668563,31598.8748501055,0.765272906413226
0.61,103083.79510331,31501.541149325,0.765936304604595
0.61,103147.5985717,31404.6602291331,0.766598788388839
0.61,103212.169209096,31308.2322315205,0.767260341953845
0.61,103279.839165056,31208.8639409224,0.767944346103705
0.61,103348.336289319,31109.9815483222,0.768627318498156
0.61,103417.662979767,31011.5852022952,0.769309241689018
0.61,103487.821710774,30913.6750133424,0.769990098571608
0.61,103561.715677827,30812.3049966496,0.770697454448484
0.61,103636.51614104,30711.4616652701,0.771403617927566
0.61,103712.225943925,30611.145140503,0.772108569838806
0.61,103788.848022388,30511.3554951727,0.772812291448366
0.61,103870.07598861,30407.4102080478,0.773547963479788
0.61,103952.31122203,30304.0429978839,0.774282244040044
0.61,104035.557162069,30201.2539543444,0.775015111703204
0.61,104119.817363989,30099.0431030444,0.775746545617281
0.61,104209.914755917,29991.7200942083,0.77651747590331
0.61,104301.151738522,29885.0421235831,0.77728675906633
0.61,104393.532582234,29779.009242756,0.778054370605882
0.61,104487.061709796,29673.6214148664,0.778820286810156
0.61,104581.683457929,29568.9445173243,0.77958400222488
0.61,104677.460929944,29464.9118278185,0.780345977023778
0.61,104774.398625031,29361.5233445255,0.781106187564064
0.61,104872.501195108,29258.7789743582,0.781864611018461
0.61,104970.254359185,29158.227020444,0.782609728220837
0.61,105069.146243337,29058.299604108,0.783353068266442
0.61,105169.181376503,28958.9966781389,0.784094609364324
0.61,105270.364430448,28860.3181086789,0.784834330502567
0.61,105371.374412154,28763.5229999207,0.785562716676507
0.61,105473.512043241,28667.3360622321,0.78628928870577
0.61,105576.78190484,28571.7572131,0.787014026384734
0.61,105681.188714796,28476.7862875154,0.787736910258038
0.61,105785.707194803,28383.3361651683,0.788450931344746
0.61,105891.349938509,28290.4819606937,0.789163096372498
0.61,105998.121615521,28198.2235642116,0.789873386443982
0.61,106106.027030449,28106.5607865794,0.790581783395035
0.61,106214.37769417,28016.0676089538,0.791283806399607
0.61,106323.857327984,27926.162231626,0.791983924298602
0.61,106434.470732596,27836.8445235544,0.792682119256449
0.61,106546.222845995,27748.1142767904,0.793378374164651
0.61,106658.74434334,27660.2610869666,0.794070384914229
0.61,106772.406912214,27572.9911453747,0.794760434342864
0.61,106887.215526342,27486.3043049638,0.795448505483295
0.61,107003.17530285,27400.2003432563,0.796134582100058
0.61,107120.22999846,27314.7235073595,0.796818291708808
0.61,107238.444938649,27229.8285708505,0.797499976312801
0.61,107357.825313363,27145.5153752111,0.79817961965671
0.61,107478.376465829,27061.7836873294,0.798857206231042
0.61,107600.378166218,26978.447409944,0.799534233602922
0.61,107723.566702113,26895.6948609802,0.800209163616792
0.61,107847.947528657,26813.5258745481,0.800881980592454
0.61,107973.52626832,26731.9402104855,0.801552669618708
0.61,108100.705031469,26650.6864560063,0.802223293119141
0.61,108229.1005475,26570.0192585337,0.80289174516298
0.61,108358.718560067,26489.9384498072,0.803558010608385
0.61,108489.564997794,26410.443787725,0.804222075109605
0.61,108611.398281035,26337.609963996,0.804832874976199
0.61,108734.287248174,26265.2748957864,0.805441777153487
0.61,108858.236606182,26193.4384493812,0.80604877030511
0.61,108983.251194674,26122.1004449245,0.806653843627107
0.61,109102.675197052,26054.9755206843,0.807225300363517
0.61,109223.063761904,25988.2977016001,0.807795015002384
0.61,109344.421046847,25922.0668774408,0.808362978330966
0.61,109466.751316434,25856.2829045188,0.808929181544207
0.61,109586.065825236,25793.0463660535,0.809475435696401
0.61,109706.299434123,25730.2280896286,0.810020025172926
0.61,109827.456046612,25667.8279817288,0.81056294198136
0.61,109949.539662047,25605.845921819,0.811104178476354
0.61,110068.635287831,25546.2295098783,0.811626627007413
0.61,110188.607397442,25487.0048407728,0.812147486049124
0.61,110309.459655327,25428.1718375158,0.812666748654321
0.61,110431.195812227,25369.7304012748,0.813184408172671
0.61,110550.104549085,25313.4272579114,0.813684901892062
0.61,110669.851582251,25257.4922429382,0.814183875501748
0.61,110790.440362754,25201.9252950838,0.814681322931812
0.61,110911.874419705,25146.7263353812,0.815177238367703
0.61,111030.803534623,25093.3891380813,0.815658123325546
0.61,111150.538946055,25040.3999666459,0.816137548014872
0.61,111271.083928133,24987.7587743566,0.816615507083709
0.61,111392.441826465,24935.4655000504,0.817091995402467
0.61,111511.547396748,24884.8162900378,0.817555134041681
0.61,111631.431980476,24834.4977054475,0.818016864996236
0.61,111752.098701855,24784.5097132349,0.818477183511936
0.61,111873.550751345,24734.8522684191,0.818936085031018
0.61,111992.951195252,24686.6640454973,0.819382985516795
0.61,112113.107036625,24638.7911731545,0.81982852526582
0.61,112234.021270383,24591.2336311966,0.820272700029791
0.61,112355.696953171,24543.9913895969,0.820715505734798
0.61,112475.491152851,24498.0721216086,0.821147442353377
0.61,112596.020140509,24452.4546777745,0.821578060535174
0.61,112717.286798158,24407.1390501167,0.82200735646381
0.61,112839.294065885,24362.1252224851,0.822435326479527
0.61,112959.565241517,24318.3107408053,0.822853387213414
0.61,113080.553088035,24274.7860127253,0.823270167933422
0.61,113202.26038807,24231.5510418417,0.823685665196012
0.61,113324.689979116,24188.6058249957,0.824099875698911
0.61,113445.508598647,24146.7544662394,0.824504998112778
0.61,113567.027858293,24105.1820157831,0.824908875670469
0.61,113689.250452225,24063.8884882988,0.825311505252242
0.61,113812.179126801,24022.8738928629,0.825712883866808
0.61,113933.605442471,23982.8622860995,0.826105883647633
0.61,114055.718131614,23943.1197848274,0.826497670949048
0.61,114178.519809235,23903.6464142689,0.826888242935169
0.61,114302.013139985,23864.4421951041,0.827277596886837
0.61,114424.099134349,23826.162017421,0.827659189798819
0.61,114546.858741104,23788.1420380027,0.828039600216669
0.61,114670.294503723,23750.3822922042,0.82841882555437
0.61,114794.409013065,23712.8828117472,0.828796863332366
0.61,114917.199918294,23676.238252276,0.829167682360711
0.61,115040.652970252,23639.8457600446,0.829537346804478
0.61,115164.770647245,23603.705380184,0.829905854298505
0.61,115289.555473164,23567.8171549179,0.830273202575693
0.61,115413.090956538,23532.7229121326,0.830633811434037
0.61,115537.278243733,23497.8732836541,0.83099329180056
0.61,115662.119753435,23463.268324023,0.831351641506582
0.61,115787.617948195,23428.9080855354,0.831708858473749
0.61,115911.933056338,23395.2877640146,0.832059762399648
0.61,116036.890604904,23361.9052005533,0.832409562323932
0.61,116162.492957711,23328.7604587653,0.832758256253437
0.61,116288.74252101,23295.8536005721,0.833105842278752
0.61,116413.868431653,23263.6384161414,0.833447496729079
0.61,116539.628279145,23231.6546619681,0.833788070245047
0.61,116666.024376458,23199.9024104501,0.834127560990632
0.61,116793.059077585,23168.3817328091,0.834465967207387
0.61,116919.023707158,23137.5094552287,0.834798784942062
0.61,117045.614528535,23106.8627510011,0.835130543537135
0.61,117172.833807423,23076.4417010112,0.83546124129801
0.61,117300.683849272,23046.2463854263,0.835790876602098
0.61,117427.512344874,23016.6604680258,0.836115233497878
0.61,117554.95995984,22987.2946889348,0.836438551904681
0.61,117683.028915662,22958.1491372682,0.836760830255362
0.61,117811.721472273,22929.2239018618,0.837082067049439
0.61,117939.436612929,22900.8727589203,0.837398306911858
0.61,118067.764399345,22872.736699115,0.837713527901136
0.61,118196.707011408,22844.8158195607,0.838027728565161
0.61,118326.266666355,22817.1102174599,0.838340907513908
0.61,118454.889199544,22789.9466180062,0.838649346108168
0.61,118584.118440132,22762.9933901832,0.838956784504308
0.61,118713.956528755,22736.250638872,0.839263221354436
0.61,118844.405642388,22709.718469372,0.839568655368584
0.61,118973.954554924,22683.6990280319,0.839869583786745
0.61,119104.104716672,22657.8855590251,0.840169529822766
0.61,119234.85823095,22632.2781748057,0.840468492223069
0.61,119366.217236476,22606.8769885441,0.840766469788188
0.61,119496.709984546,22581.9617323776,0.841060157309397
0.61,119627.798955452,22557.2483340645,0.841352879475902
0.61,119759.486217052,22532.7369134152,0.841644635119974
0.61,119891.773871722,22508.427591228,0.841935423124494
0.61,120023.226574324,22484.5795897299,0.842222119651145
0.61,120155.270863037,22460.9295923468,0.8425078671243
0.61,120287.908771762,22437.4777260661,0.842792664454214
0.61,120421.14236809,22414.2241191099,0.843076510598525
0.61,120553.569967733,22391.4091668422,0.843356448737091
0.61,120686.58486908,22368.7886044939,0.843635453451694
0.61,120820.189073378,22346.362566059,0.843913523723488
0.61,120954.384614787,22324.1311869908,0.84419065857804
0.61,121087.801015798,22302.3175290427,0.844464055435811
0.61,121221.800753271,22280.694867605,0.844736533875557
0.61,121356.385796935,22259.2633435156,0.845008092942943
0.61,121491.55814883,22238.0230992549,0.845278731725581
0.61,121625.976332683,22217.1811933315,0.845545790460603
0.61,121760.974177318,22196.5270946249,0.845811945202532
0.61,121896.553622109,22176.0609506323,0.846077195056138
0.61,122032.716638045,22155.7829106831,0.846341539165573
0.61,122168.14876268,22135.8852194079,0.84660245033652
0.61,122304.157135749,22116.1723352482,0.846862471396802
0.61,122440.743667064,22096.6444122207,0.847121601504936
0.61,122577.910297394,22077.3016063485,0.84737983985645
0.61,122714.367782838,22058.3224152151,0.847634782602722
0.61,122851.398343756,22039.5252069749,0.847888848611983
0.61,122989.003861266,22020.910142002,0.84814203709199
0.61,123127.186246809,22002.4773828375,0.848394347285299
0.61,123264.679847443,21984.3926402343,0.848643490359641
0.61,123402.74356873,21966.4872201565,0.848891769592855
0.61,123541.379263651,21948.761289207,0.849139184237486
0.61,123680.588814906,21931.2150163038,0.849385733578811
0.61,123819.128684276,21914.0021918611,0.849629236261406
0.61,123958.23591804,21896.9661826333,0.849871887548314
0.61,124097.912341701,21880.1071613024,0.850113686733144
0.61,124238.159809743,21863.425303021,0.850354633140042
0.61,124377.755551997,21847.0632626317,0.850592646038239
0.61,124517.916083248,21830.8756734078,0.850829819560741
0.61,124658.643201928,21814.8627139847,0.85106615303857
0.61,124799.938735054,21799.0245655774,0.851301645831738
0.61,124940.599452802,21783.493459714,0.851534311595967
0.61,125081.822548997,21768.134575322,0.851766149601979
0.61,125223.609795336,21752.9480968687,0.851997159214854
0.61,125365.962991559,21737.9342115182,0.852227339826973
0.61,125507.697326813,21723.2153756296,0.852454793786868
0.61,125649.991779735,21708.6666578139,0.85268143122371
0.61,125792.848095801,21694.2882482238,0.852907251533989
0.61,125936.268047847,21680.0803398353,0.853132254139648
0.61,126079.084217565,21666.1562051613,0.85335462487204
0.61,126222.458380623,21652.4002040425,0.853576189953578
0.61,126366.392256247,21638.8125322252,0.853796948808988
0.61,126510.887590674,21625.3933883637,0.854016900887205
0.61,126654.793416464,21612.2474019478,0.854234310723062
0.61,126799.25523497,21599.2676767124,0.854450925434299
0.61,126944.274739438,21586.4544138694,0.854666744471518
0.61,127089.853649467,21573.807817648,0.854881767307876
0.61,127234.856583789,21561.4243702259,0.855094332788537
0.61,127380.413622058,21549.2054175695,0.855306113340452
0.61,127526.526431813,21537.1511662286,0.855517108438015
0.61,127673.196706301,21525.2618258714,0.855727317576611
0.61,127819.303855545,21513.6261867029,0.855935149865361
0.61,127965.9633213,21502.1533761204,0.856142207105955
0.61,128113.176745174,21490.8436059234,0.856348488794032
0.61,128260.945794172,21479.6970910976,0.856553994445214
0.61,128408.163938905,21468.7953489481,0.856757199699287
0.61,128555.932703645,21458.0548642139,0.856959639483569
0.61,128704.253704226,21447.4758538221,0.857161313313207
0.61,128853.128581427,21437.0585379617,0.857362220722152
0.61,129001.464192804,21426.8775476173,0.857560900427983
0.61,129150.348809356,21416.8563336616,0.857758823952942
0.61,129299.784021039,21406.9951180468,0.857955990829779
0.61,129449.771442118,21397.294126069,0.858152400608702
0.61,129599.23069805,21387.821459525,0.858346651889038
0.61,129749.237416934,21378.5071740158,0.858540155999284
0.61,129899.79316268,21369.3514964173,0.858732912488032
0.61,130050.899523241,21360.3546570031,0.858924920920507
0.61,130201.488318522,21351.5785592173,0.859114836808667
0.61,130352.623098737,21342.9595286219,0.859304014270138
0.61,130504.305401722,21334.4977969049,0.859492452867951
0.61,130656.536788921,21326.1935992143,0.859680152180769
0.61,130808.260747726,21318.102947391,0.859865821876111
0.61,130960.529269849,21310.1681265516,0.860050761630942
0.61,131113.343866802,21302.3893730982,0.86023497102121
0.61,131266.706073272,21294.7669269498,0.860418449637552
0.61,131419.570558357,21287.3511933785,0.860599958736732
0.61,131572.978234096,21280.0901286239,0.860780746133756
0.61,131726.930585261,21272.9839737099,0.860960811415939
0.61,131881.429119555,21266.032973221,0.861140154184612
0.61,132035.439238634,21259.2821912433,0.86131758489174
0.61,132189.991217198,21252.6849866121,0.861494301895626
0.61,132345.086513247,21246.2416048604,0.861670304794014
0.61,132500.726607304,21239.9522951321,0.861845593197809
0.61,132655.887219988,21233.8570277564,0.862019024519449
0.61,132811.588395847,21227.9143138096,0.862191749905728
0.61,132967.831565868,21222.1244032324,0.86236376896375
0.61,133124.618182959,21216.4875496305,0.862535081312751
0.61,133280.933906088,21211.0388606614,0.862704589236583
0.61,133437.788924484,21205.7417658206,0.862873398769664
0.61,133595.184641721,21200.5965193608,0.863041509527322
0.61,133753.12248268,21195.6033792484,0.863208921136045
0.61,133910.597693112,21190.7928067057,0.863374578793795
0.61,134068.610953053,21186.1329308557,0.863539545389367
0.61,134227.163638083,21181.6240101702,0.863703820545129
0.61,134386.257144874,21177.266306868,0.863867403894092
0.61,134544.895984008,21173.0858383285,0.864029281714648
0.61,134704.07164296,21169.0552283307,0.864190475592302
0.61,134863.785468968,21165.1747394648,0.864350985155633
0.61,135024.038829952,21161.4446381037,0.864510810043163
0.61,135183.84520515,21157.8866879633,0.864668975891681
0.61,135344.187180604,21154.4778150704,0.86482646471358
0.61,135505.066074827,21151.2182860329,0.864983276142879
0.61,135666.483226812,21148.1083712706,0.865139409823077
0.61,135827.460813055,21145.1657596339,0.865293929130744
0.61,135988.972784707,21142.3714985129,0.865447778131364
0.61,136151.020431148,21139.7258584331,0.865600956463684
0.61,136313.60506163,21137.2291137671,0.865753463775107
0.61,136475.757299968,21134.8950468942,0.865904399657065
0.61,136638.442708061,21132.708656204,0.86605467176054
0.61,136801.662545578,21130.6702160419,0.866204279728229
0.61,136965.418091655,21128.7800046287,0.866353223210882
0.61,137128.748192545,21127.0480566548,0.866500636580876
0.61,137292.610241374,21125.4631608896,0.86664739251533
0.61,137457.005467701,21124.0255953976,0.866793490660352
0.61,137621.935119942,21122.7356421458,0.866938930669347
0.61,137786.446059523,21121.5997381794,0.867082880340318
0.61,137951.487714111,21120.6103108674,0.867226178738456
0.61,138117.061282307,21119.7676418957,0.867368825512415
0.61,138283.167981374,21119.0720168737,0.867510820317795
0.61,138448.862501493,21118.5264171658,0.867651363099442
0.61,138615.086487322,21118.1267651448,0.867791260595462
0.61,138781.84110597,21117.8733460155,0.867930512456564
0.61,138949.127543028,21117.7664489266,0.868069118340061
0.61,139116.008149059,21117.8057341217,0.868206309128248
0.61,139283.416950269,21117.9904828789,0.868342860447279
0.61,139451.3550818,21118.3209838193,0.868478771949513
0.61,139619.823696654,21118.7975295269,0.868614043293242
0.61,139787.892655157,21119.4165868741,0.868747935153728
0.61,139956.488512238,21120.1806668421,0.868881193195264
0.61,140125.612370344,21121.0900613655,0.869013817071325
0.61,140295.265349377,21122.1450663579,0.869145806440847
0.61,140464.524684532,21123.3390768029,0.869276450686903
0.61,140634.309590903,21124.6777105301,0.869406466602286
0.61,140804.621137411,21126.1612626817,0.869535853841033
0.61,140975.460410255,21127.7900323943,0.869664612062365
0.61,141145.911900537,21129.5544584805,0.869792058327944
0.61,141316.887598992,21131.4631486009,0.869918881593115
0.61,141488.388540687,21133.5164010025,0.870045081512357
0.61,141660.415777105,21135.7145179344,0.870170657744569
0.61,141832.060953458,21138.0450924802,0.870294954054201
0.61,142004.228934869,21140.5196104645,0.87041863253974
0.61,142176.920721511,21143.1383731288,0.870541692855518
0.61,142350.137329797,21145.9016857287,0.870664134660041
0.61,142522.977467911,21148.7944011392,0.870785327490315
0.61,142696.338963226,21151.8307766594,0.870905907522564
0.61,142870.222780339,21155.0111164165,0.871025874410688
0.61,143044.629899684,21158.3357285598,0.871145227812375
0.61,143218.666018698,21161.786826847,0.871263362154556
0.61,143393.22199771,21165.381337857,0.871380888578055
0.61,143568.298765038,21169.1195684932,0.871497806736089
0.61,143743.897264423,21173.001829687,0.87161411628529
0.61,143919.130119244,21177.0077929992,0.871729235699894
0.61,144094.881283242,21181.1569563186,0.871843751932041
0.61,144271.151647487,21185.4496292085,0.871957664633883
0.61,144447.942118064,21189.8861252637,0.872070973460634
0.61,144624.37219584,21194.4436670286,0.872183120131817
0.61,144801.318973569,21199.1442295245,0.872294668216749
0.61,144978.783304401,21203.9881248631,0.872405617366367
0.61,145156.766056083,21208.9756691891,0.872515967234332
0.61,145334.393570955,21214.081725752,0.872625182020075
0.61,145512.536114111,21219.3306560399,0.872733802679173
0.61,145691.194499597,21224.7227745864,0.872841828860925
0.61,145870.369555886,21230.2583999642,0.872949260217182
0.61,146049.194439907,21235.9101225885,0.873055582694423
0.61,146228.532613083,21241.7046030415,0.873161315370751
0.61,146408.384849962,21247.6421581725,0.873266457893926
0.61,146588.751938858,21253.7231088608,0.8733710099138
0.61,146768.77383886,21259.9178563262,0.873474478424834
0.61,146949.307217585,21266.2552757493,0.873577361330097
0.61,147130.352808848,21272.7356861627,0.87367965827543
0.61,147311.911359811,21279.3594106245,0.873781368908478
0.61,147493.129629369,21286.0947421098,0.873882020601898
0.61,147674.857491161,21292.9726886272,0.873982090756739
0.61,147857.095637509,21299.9935712731,0.874081579016865
0.61,148039.844773406,21307.1577151531,0.874180485027525
0.61,148222.258465574,21314.4313835116,0.874278355897565
0.61,148405.179783178,21321.8476378898,0.874375649171104
0.61,148588.609375756,21329.4068013057,0.87447236448971
0.61,148772.547905599,21337.1092007991,0.874568501496341
0.61,148956.155765944,21344.9191462021,0.874663626420365
0.61,149140.269199852,21352.8716755018,0.874758177567315
0.61,149324.888813612,21360.9671135276,0.874852154576616
0.61,149510.015225583,21369.2057891104,0.874945557088694
0.61,149694.815685734,21377.5501330553,0.875037969863001
0.61,149880.119578587,21386.0370847036,0.875129812559824
0.61,150065.927465925,21394.6669705519,0.875221084816207
0.61,150252.239920919,21403.4401210737,0.87531178626983
0.61,150438.231089216,21412.3171605839,0.875401519642176
0.61,150624.723455656,21421.3368565645,0.875490686519121
0.61,150811.71753624,21430.499537028,0.875579286535124
0.61,150999.213858446,21439.8055339753,0.875667319325306
0.61,151186.393510673,21449.2137360763,0.875754405025964
0.61,151374.072028142,21458.7646674256,0.875840927698111
0.61,151562.249880379,21468.4586574275,0.875926886973726
0.61,151750.927547953,21478.2960394592,0.876012282485229
0.61,151939.293122354,21488.23403614,0.876096751258512
0.61,152128.155126631,21498.3148579611,0.876180660357439
0.61,152317.513982598,21508.5388355648,0.876264009411382
0.61,152507.370122676,21518.9063035493,0.876346798049938
0.61,152696.918708675,21529.3728866859,0.876428679681206
0.61,152886.961181857,21539.9824130493,0.876510004881618
0.61,153077.497915417,21550.7352143807,0.876590773277982
0.61,153268.529292725,21561.6316263587,0.876670984497131
0.61,153459.257621984,21572.6257429766,0.876750307839656
0.61,153650.477184047,21583.7629422261,0.876829077886417
0.61,153842.188302571,21595.0435568067,0.876907294261709
0.61,154034.391310407,21606.467923302,0.876984956589444
0.61,154226.295748147,21617.9886710849,0.877061749590079
0.61,154418.688648249,21629.6526613637,0.877137992323801
0.61,154611.570283348,21641.4602276189,0.877213684412239
0.61,154804.940934827,21653.4117071908,0.877288825476461
0.61,154998.017470194,21665.4583301524,0.877363115199673
0.61,155191.579576551,21677.6483750596,0.877436857580504
0.61,155385.627474368,21689.9821760128,0.877510052237925
0.61,155580.161392695,21702.4600709639,0.877582698790289
0.61,155774.405629574,21715.0319553501,0.877654511441223
0.61,155969.132420519,21727.7474598697,0.87772577957196
0.61,156164.341932953,21740.6069190966,0.877796502798937
0.61,156360.034342151,21753.61067141,0.877866680737718
0.61,156555.441488074,21766.7073416721,0.877936041683448
0.61,156751.328041108,21779.9478481671,0.878004860830799
0.61,156947.69411417,21793.3325257551,0.878073137793608
0.61,157144.539827862,21806.8617130904,0.878140872184787
0.61,157341.104683523,21820.482828067,0.878207805974841
0.61,157538.145664612,21834.2480124576,0.878274200589827
0.61,157735.662828245,21848.1576012275,0.878340055640993
0.61,157933.656239063,21862.2119331248,0.878405370738622
0.61,158131.373188571,21876.3572824456,0.878469901124786
0.61,158329.562842269,21890.6469506134,0.878533894862451
0.61,158528.225200348,21905.0812725264,0.87859735156037
0.61,158727.360270079,21919.6605868327,0.878660270826193
0.61,158926.223269053,21934.3300873342,0.878722420780653
0.61,159125.55540644,21949.1441715332,0.878784036518135
0.61,159325.356624473,21964.1031740914,0.878845117645029
0.61,159525.626872017,21979.207433386,0.87890566376649
0.61,159725.629438373,21994.4011258725,0.878965455499984
0.61,159926.097428208,22009.7396815246,0.879024715354734
0.61,160127.030724751,22025.2234345955,0.879083442934898
0.61,160328.429216817,22040.8527229714,0.879141637843107
0.61,160529.56441527,22056.5707686524,0.879199092820305
0.61,160731.161168535,22072.4339707919,0.879256018165458
0.61,160933.219298978,22088.442662996,0.879312413480404
0.61,161135.7386344,22104.5971824865,0.879368278365437
0.61,161337.999069828,22120.8398602122,0.879423417322249
0.61,161540.717032169,22137.2280006601,0.879478028803603
0.61,161743.892282052,22153.7619366208,0.879532112409233
0.61,161947.524585086,22170.4420044597,0.879585667737227
0.61,162150.902386746,22187.2097073962,0.879638510694603
0.61,162354.73352363,22204.1231915065,0.879690828244682
0.61,162559.017693239,22221.1827885551,0.879742619985173
0.61,162763.754597602,22238.3888338367,0.879793885512044
0.61,162968.24140805,22255.6820666134,0.879844451790496
0.61,163173.17719314,22273.1214103839,0.879894494642878
0.61,163378.561586045,22290.7071956856,0.879944013665018
0.61,163584.39422371,22308.439756514,0.879993008450841
0.61,163789.981186813,22326.2591324258,0.880041316683969
0.61,163996.012590139,22344.2249597151,0.880089103386825
0.61,164202.488000811,22362.3375674414,0.880136368153383
0.61,164409.406989889,22380.5972881281,0.880183110575784
0.61,164616.084737349,22398.9435263232,0.880229178722776
0.61,164823.202211373,22417.4365659983,0.880274727151233
0.61,165030.758912224,22436.0767345594,0.880319755453533
0.61,165238.754343343,22454.8643627993,0.880364263220077
0.61,165446.512981524,22473.7382855927,0.880408108577677
0.61,165654.706448431,22492.7593688832,0.880451435945871
0.61,165863.334176031,22511.9279381884,0.880494244915563
0.61,166072.395599022,22531.2443223603,0.88053653507561
0.61,166281.224696942,22550.6468527561,0.880578174289709
0.61,166490.483536596,22570.196910776,0.880619297162327
0.61,166700.171480105,22589.8948197975,0.880659903283001
0.61,166910.287891875,22609.7409064776,0.880699992239163
0.61,167120.17646572,22629.6730654745,0.880739441315055
0.61,167330.4894996,22649.7531264703,0.880778375617454
0.61,167541.226284543,22669.9814104728,0.880816794734715
0.61,167752.386113422,22690.3582417134,0.880854698253032
0.61,167963.322612869,22710.8211458552,0.880891972565546
0.61,168174.67809087,22731.4323327988,0.880928733593954
0.61,168386.451765899,22752.1921209272,0.880964980925579
0.61,168598.642857834,22773.1008317877,0.88100071414554
0.61,168810.615154178,22794.0956909852,0.881035828448888
0.61,169023.000742167,22815.2392193396,0.881070430880112
0.61,169235.798766681,22836.5317323896,0.881104521025739
0.61,169449.008373252,22857.9735487449,0.881138098469995
0.61,169662.003741554,22879.5016636043,0.881171066906017
0.61,169875.4065041,22901.1788387025,0.881203524805781
0.61,170089.215730496,22923.0053864435,0.881235471755153
0.61,170303.43049089,22944.9816222722,0.881266907337712
0.61,170517.435599252,22967.0443822021,0.88129774344483
0.61,170731.841988342,22989.2565972961,0.881328070276593
0.61,170946.648651342,23011.6185765813,0.881357887418431
0.61,171161.85458155,23034.1306320612,0.881387194453458
0.61,171376.855471378,23056.7295125556,0.881415911173675
0.61,171592.251307046,23079.4782461272,0.88144411980568
0.61,171808.041003947,23102.3771381563,0.881471819934669
0.61,172024.223476843,23125.4264968969,0.881499011143454
0.61,172240.205552831,23148.5630578803,0.88152562083033
0.61,172456.576012902,23171.8498719616,0.881551723543493
0.61,172673.333692854,23195.2872405486,0.881577318868062
0.61,172890.477428109,23218.875467925,0.881602406386837
0.61,173107.42543852,23242.5513511735,0.881626920811566
0.61,173324.755038614,23266.3778887253,0.881650929305521
0.61,173542.46498368,23290.3553777787,0.881674431454018
0.61,173760.55402789,23314.4841183,0.881697426839997
0.61,173978.45205052,23338.7010455143,0.881719857197841
0.61,174196.7246302,23363.0690285119,0.881741782597364
0.61,174415.370440472,23387.5883600035,0.881763202624311
0.61,174634.388153021,23412.2593353556,0.881784116862015
0.61,174853.219579473,23437.0191061317,0.881804473777997
0.61,175072.418286829,23461.9303335627,0.881824326638696
0.61,175291.982865081,23486.9933055217,0.881843675030482
0.61,175511.911902319,23512.2083125007,0.881862518537339
0.61,175731.659422923,23537.5128024457,0.881880812071496
0.61,175951.766698775,23562.9691483367,0.881898602384974
0.61,176172.232235325,23588.5776329428,0.881915889065036
0.61,176393.054535395,23614.3385415339,0.881932671696535
0.61,176613.700118663,23640.1896998186,0.881948911348254
0.61,176834.697676429,23666.1931108194,0.881964648546467
0.61,177056.045628045,23692.3490518619,0.881979882879566
0.61,177277.742390212,23718.6578027321,0.881994613933564
0.61,177499.267269967,23745.0576505746,0.882008808646157
0.61,177721.136082779,23771.6101444336,0.88202250160595
0.61,177943.347160469,23798.3155558563,0.882035692402715
0.61,178165.898832203,23825.1741588104,0.882048380623879
0.61,178388.283489155,23852.1247873936,0.882060538788185
0.61,178611.003770929,23879.2284508017,0.882072195834841
0.61,178834.057920874,23906.4854145175,0.882083351355287
0.61,179057.444179339,23933.8959463617,0.88209400493863
0.61,179280.668323902,23961.3995149482,0.882104134396295
0.61,179504.219512962,23989.0565017358,0.882113763306837
0.61,179728.095899998,24016.8671657951,0.882122891263626
0.61,179952.295634814,24044.8317684055,0.882131517857707
0.61,180176.338190307,24072.8905025585,0.88213962590401
0.61,180400.698931734,24101.1030318024,0.88214723390995
0.61,180625.375921459,24129.4696084533,0.882154341471111
0.61,180850.367217845,24157.9904869485,0.88216094818078
0.61,181075.206301553,24186.6066765478,0.882167041566917
0.61,181300.354428709,24215.3770306249,0.882172635356547
0.61,181525.809569328,24244.3017943922,0.882177729147758
0.61,181751.569689127,24273.3812150941,0.882182322536368
0.61,181977.182595355,24302.5572126519,0.882186407471372
0.61,182203.095112806,24331.8877355245,0.882189993191649
0.61,182429.305117943,24361.3730214647,0.882193079298084
0.61,182655.81048265,24391.0133101654,0.882195665389329
0.61,182882.173663992,24420.7515289747,0.882197747541465
0.61,183108.826728762,24450.6446243209,0.882199330799376
0.61,183335.767458705,24480.692826133,0.882200414767054
0.61,183562.99363072,24510.8963661874,0.882200999046292
0.61,183790.082679999,24541.199278611,0.882201083544013
0.61,184017.451583277,24571.6574080621,0.882200669407518
0.61,184245.098026804,24602.2709763241,0.882199756244209
0.61,184473.019691381,24633.0402068848,0.88219834365934
0.61,184700.809323214,24663.9103426499,0.882196435091775
0.61,184928.868472882,24694.9360241978,0.882194028090251
0.61,185157.19472932,24726.1174646912,0.882191122265904
0.61,185385.785676149,24757.4548789489,0.882187717227775
0.61,185614.249708475,24788.8948234961,0.882183819644723
0.61,185842.972609075,24820.490629611,0.882179423768948
0.61,186071.951868995,24852.2425015157,0.882174529215647
0.61,186301.184973768,24884.1506449908,0.882169135597972
0.61,186530.29630762,24916.163037634,0.882163252509467
0.61,186759.65554147,24948.3315935839,0.882156871211152
0.61,186989.26006722,24980.656507696,0.882149991322626
0.61,187219.107271451,25013.1379763371,0.882142612461488
0.61,187448.837873728,25045.7255088904,0.882134746836826
0.61,187678.805083236,25078.4694912859,0.882126383027614
0.61,187909.006191769,25111.3701086131,0.882117520658196
0.61,188139.438485652,25144.4275473729,0.882108159350977
0.61,188369.759368178,25177.59296232,0.882098313617329
0.61,188600.305234549,25210.9150972082,0.882087969667401
0.61,188831.073276042,25244.3941270261,0.882077127130615
0.61,189062.06067759,25278.0302279652,0.882065785634553
0.61,189292.94187917,25311.7763171038,0.882053961674999
0.61,189524.036105371,25345.6793787183,0.882041639411045
0.61,189755.340445355,25379.7395771765,0.882028818477589
0.61,189986.851982589,25413.9570780548,0.882015498507716
0.61,190218.262548798,25448.2866808788,0.882001697658836
0.61,190449.873838392,25482.7734898583,0.881987398361672
0.61,190681.682838377,25517.4176584309,0.881972600256921
0.61,190913.686529247,25552.2193410285,0.881957302983586
0.61,191145.594492636,25587.1353432233,0.88194152603254
0.61,191377.690530909,25622.2087652134,0.881925250434108
0.61,191609.971527695,25657.4397490075,0.881908475835194
0.61,191842.43436045,25692.8284375595,0.881891201881065
0.61,192074.806720806,25728.3337695619,0.881873449062137
0.61,192307.354154584,25763.9967136825,0.881855197342057
0.61,192540.073441516,25799.8174000884,0.881836446374314
0.61,192772.961355152,25835.7959597865,0.881817195810842
0.61,193005.764059296,25871.8935953352,0.881797466801483
0.61,193238.72847707,25908.1490127486,0.881777238583049
0.61,193471.85128348,25944.5623298758,0.881756510816032
0.61,193705.129147765,25981.1336653589,0.881735283159422
0.61,193938.327070918,26017.826620348,0.881713577075607
0.61,194171.672983777,26054.6775030156,0.881691371421159
0.61,194405.163456638,26091.6864185289,0.881668665863931
0.61,194638.79505372,26128.853472683,0.881645460070396
0.61,194872.351979287,26166.1448038439,0.881621775461509
0.61,195106.042801416,26203.5941832864,0.881597590867235
0.61,195339.86398517,26241.201703029,0.881572905963208
0.61,195573.811989641,26278.9674556117,0.881547720423775
0.61,195807.690586994,26316.8602589351,0.881522055267141
0.61,196041.688613564,26354.9112046349,0.88149588965758
0.61,196275.80242849,26393.120371067,0.881469223278968
0.61,196510.028385472,26431.4878370646,0.881442055813952
0.61,196744.190192707,26469.9852470774,0.88141440750828
0.61,196978.456582225,26508.6408656592,0.881386258229781
0.61,197212.823807167,26547.4547570662,0.881357607670991
0.61,197447.28811542,26586.426985926,0.881328455523317
0.61,197681.693518356,26625.5321744526,0.881298820881872
0.61,197916.188271794,26664.7956084226,0.881268684695742
0.61,198150.768523278,26704.2173376157,0.881238046666503
0.61,198385.430414575,26743.79741195,0.881206906494799
0.61,198620.038626164,26783.5135870015,0.88117528173792
0.61,198854.720567249,26823.3880137457,0.881143154812826
0.61,199089.472279031,26863.4207268925,0.881110525430678
0.61,199324.289797977,26903.6117613146,0.881077393301712
0.61,199559.058839004,26943.9421662717,0.881043774048521
0.61,199793.885594054,26984.4307970513,0.88100965195229
0.61,200028.765998881,27025.0776729558,0.880975026734119
0.61,200263.69598407,27065.8828132146,0.880939898114403
0.61,200498.582663755,27106.8307260841,0.880904279373813
0.61,200733.510643457,27147.9368054502,0.880868157064269
0.61,200968.475752973,27189.2010546047,0.880831530917387
0.61,201203.473818086,27230.6234767965,0.880794400664079
0.61,201438.433712665,27272.1922092025,0.880756776825405
0.61,201673.418089802,27313.9190137934,0.880718648641097
0.61,201908.422674243,27355.8038774659,0.88068001585369
0.61,202143.443187156,27397.8467869738,0.88064087820513
0.61,202378.43062294,27440.0396840205,0.880601243027291
0.61,202613.425316403,27482.3905225462,0.880561102676539
0.61,202848.422888031,27524.8992726249,0.880520456906769
0.61,203083.418954458,27567.5659039511,0.880479305471537
0.61,203318.386986177,27610.3863433644,0.88043765207221
0.61,203553.34463951,27653.3645557345,0.880395492622222
0.61,203788.287430856,27696.5004937464,0.880352826887409
0.61,204023.21087331,27739.7941096061,0.8803096546334
0.61,204258.111265393,27783.2455014869,0.880265975476952
0.61,204492.983227778,27826.8544584606,0.880221789341802
0.61,204727.822173358,27870.6209152989,0.880177096006289
0.61,204962.623513104,27914.5448063412,0.880131895248529
0.61,205197.40672121,27958.6305930839,0.880086182133059
0.61,205432.143029096,28002.8736961507,0.880039961060726
0.61,205666.827747924,28047.2740320678,0.879993231822741
0.61,205901.456187224,28091.8315167655,0.879945994210301
0.61,206136.071339624,28136.5551730756,0.879898238253839
0.61,206370.620699508,28181.4358546803,0.879849973312131
0.61,206605.099476979,28226.473459291,0.879801199189892
0.61,206839.502881242,28271.6678839337,0.879751915691957
0.61,207073.897759279,28317.0329167975,0.879702107317955
0.61,207308.207527159,28362.55464006,0.87965178888022
0.61,207542.427295539,28408.2329321956,0.879600960197456
0.61,207776.552174605,28454.0676708324,0.879549621088707
0.61,208010.673196179,28500.0776201961,0.879497750010006
0.61,208244.689362076,28546.2438797325,0.879445367738885
0.61,208478.595684556,28592.5663081105,0.879392474108702
0.61,208712.387177042,28639.0447632205,0.879339068953127
0.61,208946.17937634,28685.7032020961,0.87928512415573
0.61,209179.8465437,28732.5175239917,0.87923066698704
0.61,209413.3835955,28779.4875674573,0.879175697295457
0.61,209646.785449469,28826.6131700348,0.879120214930013
0.61,209880.192463109,28873.9237060204,0.879064184654448
0.61,210113.453836148,28921.3896495288,0.879007640778271
0.61,210346.564390414,28969.0108184056,0.878950583165646
0.61,210579.518950488,29016.7870294906,0.878893011681426
0.61,210812.48299797,29064.7533053523,0.878834883404275
0.61,211045.280361324,29112.8744632449,0.878776240246719
0.61,211277.905770645,29161.1502999846,0.878717082089116
0.61,211510.353959504,29209.5806112366,0.87865740881276
0.61,211742.815827858,29258.2063065073,0.878597169226133
0.61,211975.089532853,29306.9863069319,0.878536413428438
0.61,212207.16971476,29355.9203877485,0.878475141316949
0.61,212439.051018886,29405.0083230599,0.878413352789932
0.61,212670.950045531,29454.2971554793,0.878350987780194
0.61,212902.638992656,29503.7396632504,0.878288105177584
0.61,213134.112413493,29553.3355996221,0.878224704896872
0.61,213365.36486719,29603.0847165708,0.878160786854075
0.61,213596.638927014,29653.0404446342,0.878096281478222
0.61,213827.680553146,29703.149163736,0.878031257076291
0.61,214058.484214687,29753.410604708,0.877965713581169
0.61,214289.04438837,29803.8244971403,0.877899650927043
0.61,214519.629876559,29854.450922002,0.877832989388874
0.61,214749.960138968,29905.2295976601,0.877765807339492
0.61,214980.029563731,29956.1602321127,0.877698104730537
0.61,215209.832548046,30007.2425320735,0.877629881515106
0.61,215439.664367049,30058.5435005883,0.877561047138908
0.61,215669.217730539,30109.9959222735,0.877491690713899
0.61,215898.486948752,30161.5994818066,0.877421812211227
0.61,216127.466342879,30213.3538626279,0.877351411603555
0.61,216356.477889287,30265.3332706823,0.877280386806295
0.61,216585.187312668,30317.4632752639,0.877208838369815
0.61,216813.588849826,30369.7435375051,0.877136766285211
0.61,217041.676749759,30422.1737171917,0.877064170545368
0.61,217269.799900811,30474.8355132706,0.876990936807431
0.61,217497.596825492,30527.6469889634,0.876917177786142
0.61,217725.061690819,30580.6077813997,0.876842893493331
0.61,217952.188677341,30633.7175262582,0.876768083942908
0.61,218179.353779455,30687.0657158204,0.876692621776547
0.61,218406.168117115,30740.5626062769,0.876616632628402
0.61,218632.625791754,30794.2078103673,0.876540116531771
0.61,218858.720920501,30848.0009394571,0.876463073522076
0.61,219084.856777413,30902.0395896057,0.876385362438211
0.61,219310.616899155,30956.2258987242,0.876307122619015
0.61,219535.995326581,31010.5594549097,0.876228354119837
0.61,219760.986117772,31065.0398447985,0.876149056998438
0.61,219986.019980868,31119.7730898924,0.87606907547082
0.61,220210.65270833,31174.6528875196,0.875988563398217
0.61,220434.878285039,31229.6788007285,0.875907520858865
0.61,220658.690715455,31284.8503912054,0.875825947933466
0.61,220882.548272915,31340.2824386559,0.875743673361215
0.61,221105.97886773,31395.8598663603,0.875660866377202
0.61,221328.976434238,31451.5822120502,0.875577527083244
0.61,221551.534928095,31507.4490120286,0.875493655583935
0.61,221774.140298022,31563.584149583,0.875409064250473
0.61,221996.292455168,31619.8634278902,0.875323938580356
0.61,222217.985288993,31676.2863590917,0.875238278699737
0.61,222439.212712823,31732.8524540237,0.875152084737584
0.61,222660.48843291,31789.6950567697,0.875065151768463
0.61,222881.284271928,31846.6804924469,0.874977682478226
0.61,223101.594080254,31903.8082472991,0.874889677018219
0.61,223321.411734422,31961.0778063109,0.874801135542784
0.61,223541.278757405,32018.6323457611,0.874711834858811
0.61,223760.638817285,32076.3283406538,0.874621995808558
0.61,223979.485731873,32134.1652511446,0.874531618569307
0.61,224197.813347893,32192.142536281,0.874440703321373
0.61,224416.19103371,32250.4135893357,0.874349007590214
0.61,224634.034266269,32308.8246495306,0.87425677138543
0.61,224851.336838082,32367.375150866,0.87416399491085
0.61,225068.092572716,32426.0645262156,0.874070678373656
0.61,225284.898682633,32485.0567853888,0.873976558957746
0.61,225501.142447881,32544.1875316539,0.873881896896817
0.61,225716.817642509,32603.4561726065,0.873786692422209
0.61,225931.918073893,32662.8621147089,0.873690945768949
0.61,226147.068768373,32722.5804002284,0.873594372668554
0.61,226361.628831981,32782.4355799029,0.87349725468611
0.61,226575.592027802,32842.4270347673,0.873399592081358
0.61,226788.952155296,32902.5541449192,0.873301385117763
0.61,227002.36198786,32963.0034167185,0.873202326912207
0.61,227215.152516181,33023.5879158933,0.87310272152
0.61,227427.317500743,33084.306996924,0.873002569229995
0.61,227638.850740893,33145.1600133773,0.872901870335106
0.61,227850.43265654,33206.3453853876,0.872800294118184
0.61,228061.366216029,33267.6642433692,0.872698168340169
0.61,228271.64518538,33329.1159151044,0.872595493320059
0.61,228481.2633724,33390.6997275941,0.872492269381109
0.61,228690.928705054,33452.6264829787,0.87238814069267
0.61,228899.91625986,33514.6849074468,0.872283459996652
0.61,229108.21981718,33576.87430204,0.872178227643168
0.61,229315.833202522,33639.1939672657,0.872072443986609
0.61,229523.491673325,33701.8675752185,0.87196572673913
0.61,229730.442584281,33764.6709591071,0.871858454963161
0.61,229936.679739804,33827.6033933628,0.871750629040687
0.61,230142.19699258,33890.6641520514,0.87164224935817
0.61,230347.756709738,33954.0902865535,0.871532905757446
0.61,230552.578735348,34017.6442270302,0.871423005030058
0.61,230756.65690772,34081.3252213818,0.871312547590821
0.61,230959.985116661,34145.1325173299,0.871201533859217
0.61,231163.352573163,34209.3170769255,0.871089524320523
0.61,231365.951867903,34273.6273952314,0.870976954976725
0.61,231567.776883417,34338.0626937443,0.870863826276444
0.61,231768.821556753,34402.6221938878,0.870750138673337
0.61,231969.901631316,34467.5713242984,0.870635421729734
0.61,232170.182747161,34532.6440884355,0.870520142219106
0.61,232369.658841462,34597.8396814355,0.870404300625126
0.61,232568.323909953,34663.157298785,0.870287897436346
0.61,232767.019866375,34728.8774171388,0.870170429640907
0.61,232964.885752732,34794.7189661741,0.87005239642962
0.61,233161.915572381,34860.6811149611,0.869933798322134
0.61,233358.103390752,34926.7630331645,0.869814635843168
0.61,233554.316878145,34993.2608548612,0.869694371663065
0.61,233749.668882654,35059.877825872,0.869573539127731
0.61,233944.153486068,35126.6130896182,0.869452138793615
0.61,234137.764835262,35193.4657901776,0.869330171222804
0.61,234331.395886347,35260.7483577591,0.869207062926019
0.61,234524.133754427,35328.1477150249,0.869083383239715
0.61,234715.97261151,35395.6629798839,0.86895913275862
0.61,234906.906698969,35463.2932713903,0.868834312082922
0.61,235097.853729515,35531.367986763,0.868708309614793
0.61,235287.875603719,35599.557053878,0.868581732623691
0.61,235476.966597114,35667.8595656664,0.868454581743509
0.61,235665.121058082,35736.2746164076,0.868326857613995
0.61,235853.280863685,35805.1492755154,0.868197908464801
0.61,236040.48328137,35874.1357702918,0.868068381555182
0.61,236226.722703748,35943.2331691845,0.867938277559316
0.61,236411.993599853,36012.4405422132,0.867807597157628
0.61,236597.261354087,36082.1233740082,0.867675646217305
0.61,236781.539246267,36151.9154476537,0.86754311416973
0.61,236964.821799823,36221.8158075335,0.86741000173078
0.61,237147.103618809,36291.823500056,0.867276309622588
0.61,237329.372864487,36362.3232072624,0.867141299026734
0.61,237510.619547415,36432.9294852117,0.867005703861738
0.61,237690.838336351,36503.6413547768,0.866869524886507
0.61,237870.023984926,36574.4578393304,0.866732762866221
0.61,238049.186629912,36645.7836457674,0.866594631823836
0.61,238227.293801017,36717.2132750469,0.866455912629348
0.61,238404.340327943,36788.7457253615,0.866316606085679
0.61,238580.321128772,36860.3799975854,0.866176713002644
0.61,238756.267431156,36932.5416969966,0.866035397614458
0.61,238931.125155145,37004.8043954056,0.865893490363217
0.61,239104.889306788,37077.1670689091,0.865750992097502
0.61,239277.554984864,37149.6286968051,0.865607903672794
0.61,239450.173540216,37222.6367087194,0.865463336728938
0.61,239621.670236121,37295.7428206669,0.865318174075898
0.61,239792.040271507,37368.9459875143,0.865172416609201
0.61,239961.278942158,37442.2451677662,0.865026065231495
0.61,240130.456663556,37516.1105976862,0.864878175992766
0.61,240298.47908536,37590.0711547058,0.864729687055361
0.61,240465.341616177,37664.1257732585,0.864580599363384
0.61,240631.039765626,37738.2733918734,0.864430913868292
0.61,240796.661859976,37813.0080981447,0.86427962782545
0.61,240961.095072371,37887.8348856667,0.864127737942662
0.61,241124.335038937,37962.7526694884,0.863975245213961
0.61,241286.377500738,38037.7603691257,0.863822150641176
0.61,241448.327434655,38113.3770346952,0.863667389254762
0.61,241609.054779527,38189.0826642381,0.863512019725601
0.61,241768.555416903,38264.8761542914,0.863356043099578
0.61,241926.825337682,38340.7564064669,0.863199460430399
0.61,242084.984800408,38417.2686200917,0.863041140840674
0.61,242241.887858903,38493.8666103709,0.862882208633728
0.61,242397.53065925,38570.5492565297,0.862722664908799
0.61,242551.909460816,38647.3154432787,0.862562510773421
0.61,242706.15831247,38724.7377864462,0.862400545486536
0.61,242859.116853192,38802.2426505793,0.862237962924909
0.61,243010.781512978,38879.8288986863,0.862074764243097
0.61,243161.14883947,38957.4953999099,0.86191095060398
0.61,243311.365053539,39035.8435453151,0.861745247140816
0.61,243460.256974277,39114.2708894045,0.86157892154995
0.61,243607.821335877,39192.7762802505,0.861411975043099
0.61,243754.054994279,39271.3585726183,0.861244408840565
0.61,243900.114583763,39350.6493913322,0.861074869352189
0.61,244044.81583685,39430.0160218007,0.860904702674057
0.61,244188.155812709,39509.4572984084,0.860733910077229
0.61,244330.131696487,39588.9720629178,0.860562492841391
0.61,244471.908625883,39669.223743608,0.860389013682035
0.61,244612.293128777,39749.5477863945,0.860214902047099
0.61,244751.282611195,39829.943013518,0.860040159268823
0.61,244888.874608908,39910.408255078,0.859864786688601
0.61,245026.24068476,39991.6404341967,0.859687257946088
0.61,245162.180209592,40072.9414652689,0.859509091201791
0.61,245296.69095858,40154.3101598278,0.859330287851499
0.61,245429.770840332,40235.7453377598,0.859150849300705
0.61,245562.59558786,40317.9792483888,0.858969154264913
0.61,245693.959635926,40400.2784425377,0.858786815442758
0.61,245823.861151869,40482.6417225051,0.858603834296184
0.61,245952.298440391,40565.0678996715,0.85842021229692
0.61,246080.448947954,40648.326532844,0.858234226876311
0.61,246207.104592046,40731.646825073,0.858047591606538
0.61,246332.263956279,40815.0275711534,0.857860308018074
0.61,246455.925765074,40898.4675754778,0.857672377651774
0.61,246579.266503753,40982.7758627409,0.857481969715221
0.61,246701.078205279,41067.1421310247,0.857290905566184
0.61,246821.359894151,41151.5651691984,0.857099186806726
0.61,246940.110739142,41236.0437763632,0.856906815049666
0.61,247058.503352253,41321.4287970657,0.856711843681029
0.61,247175.332747134,41406.8680694721,0.856516209411729
0.61,247290.598414764,41492.3603782076,0.856319913918628
0.61,247404.299993966,41577.9045189927,0.856122958889227
0.61,247517.603034206,41664.3957241711,0.855923273567995
0.61,247629.308666399,41750.9374027186,0.855722918306087
0.61,247739.416874952,41837.5283370615,0.855521894857927
0.61,247847.927794857,41924.1673211364,0.85532020498953
0.61,247955.99642948,42011.7967965712,0.855115644640507
0.61,248062.4334517,42099.4729204516,0.854910406928275
0.61,248167.239366747,42187.1944746596,0.854704493688901
0.61,248270.414833503,42274.9602534504,0.854497906769989
0.61,248373.100487703,42363.7630125893,0.854288298695406
0.61,248474.120298994,42452.6085506726,0.854078005418988
0.61,248573.475322456,42541.4956511602,0.853867028861886
0.61,248671.166769195,42630.423110402,0.853655370957562
0.61,248768.316701536,42720.4374243848,0.853440529626986
0.61,248863.766516663,42810.4906053226,0.853224994801587
0.61,248957.517849494,42900.5814401986,0.853008768491923
0.61,249049.572493048,42990.7087293892,0.852791852721698
0.61,249141.029301407,43081.9765103327,0.852571578371596
0.61,249230.751648823,43173.2792054002,0.852350601736663
0.61,249318.741781419,43264.6156070838,0.852128924921606
0.61,249405.002105369,43355.9845219804,0.851906550044636
0.61,249490.603135924,43448.5517578229,0.851680627079087
0.61,249574.435257887,43541.1499155613,0.851453992493111
0.61,249656.501361556,43633.7777952905,0.851226648490604
0.61,249736.80449862,43726.4342116702,0.850998597289941
0.61,249816.381147136,43820.3514691421,0.8507667924285
0.61,249894.15429009,43914.2956177517,0.85053426601064
0.61,249970.127496562,44008.2654672004,0.850301020345311
0.61,250044.304498122,44102.2598424083,0.850067057756447
0.61,250117.68137885,44197.5828491624,0.84982911788455
0.61,250189.219949579,44292.9286781066,0.849590445857191
0.61,250258.924494863,44388.2961506777,0.849351044094603
0.61,250326.799462173,44483.6841039158,0.84911091503317
0.61,250393.793420321,44580.4744309552,0.84886656468139
0.61,250458.913982916,44677.2834725444,0.848621470840469
0.61,250522.166188863,44774.110063831,0.848375636049279
0.61,250583.555240102,44870.9530562396,0.848129062863262
0.61,250643.974168571,44969.2789169316,0.847878001248054
0.61,250702.484242691,45067.6193443215,0.847626183993059
0.61,250759.091297444,45165.9731894912,0.847373613763341
0.61,250813.801330191,45264.3393201814,0.847120293241667
0.61,250867.442748837,45364.2765150376,0.846862190761454
0.61,250919.139366792,45464.2240859635,0.846603319577988
0.61,250968.897859875,45564.1809020119,0.846343682491492
0.61,251016.725064899,45664.1458490827,0.846083282321487
0.61,251063.374405301,45765.7788892463,0.845817776383197
0.61,251108.042369715,45867.4180678004,0.845551487654142
0.61,251150.736523274,45969.0622737091,0.845284419079999
0.61,251191.464590048,46070.7104129902,0.845016573627239
0.61,251230.893119129,46174.1338806677,0.844743263600923
0.61,251268.302893105,46277.5591958401,0.844469155541453
0.61,251303.702419388,46380.9852692014,0.844194252551811
0.61,251337.100361472,46484.411028703,0.84391855775722
0.61,251369.062637631,46589.7312151246,0.843636998886
0.61,251398.967759923,46695.048896119,0.843354625430143
0.61,251426.825236522,46800.3630060408,0.843071440662963
0.61,251452.644727816,46905.672496336,0.842787447882351
0.61,251476.875472762,47013.0094159323,0.842497143802835
0.61,251499.009378344,47120.3394033994,0.842206007093536
0.61,251519.057018548,47227.6614183003,0.841914041213866
0.61,251537.029114702,47334.9744370642,0.841621249650219
0.61,251553.239325718,47444.4643180855,0.841321643143433
0.61,251567.31139335,47553.9427505266,0.841021184246395
0.61,251579.257030703,47663.4087205785,0.840719876622827
0.61,251589.088092173,47772.8612308619,0.840417723966277
0.61,251596.960164359,47884.6596454118,0.840108185350981
0.61,251602.650755954,47996.4419839942,0.839797772599882
0.61,251606.172802777,48108.2072605814,0.839486489602496
0.61,251607.539374536,48219.9545048787,0.839174340281576
0.62,310195.121074755,21054.8532902561,0.936438173827433
0.62,310194.592681532,21129.2171551605,0.936227893897589
0.62,310191.083936005,21206.6771116389,0.936008387490011
0.62,310184.610765312,21284.2600784746,0.935788057490004
0.62,310175.226049342,21361.9677127755,0.935566904363367
0.62,310162.982012621,21439.8016525051,0.935344928605435
0.62,310147.21103842,21521.1646665295,0.935112400690036
0.62,310128.439855156,21602.6689045414,0.934878977780193
0.62,310106.725329625,21684.3162470294,0.934644660253675
0.62,310082.12351336,21766.1085464221,0.934409448526154
0.62,310053.305829075,21851.9749562464,0.9341620148238
0.62,310021.440741383,21938.0047151297,0.933913599943028
0.62,309986.589642707,22024.1999619001,0.933664204141893
0.62,309948.812917171,22110.5627956489,0.933413827728294
0.62,309905.927923285,22201.7048236453,0.933149067848846
0.62,309859.931406668,22293.0375288928,0.932883220642782
0.62,309810.890043674,22384.5633566134,0.932616286202928
0.62,309758.869263661,22476.2846966026,0.932348264689381
0.62,309700.542965727,22573.7298704999,0.932062962089075
0.62,309639.015418002,22671.4002565485,0.931776437971322
0.62,309574.359698715,22769.2986757011,0.931488692195687
0.62,309506.647334409,22867.4278711946,0.93119972471665
0.62,309430.946598347,22972.606665515,0.930889407047706
0.62,309351.914666511,23078.0557347914,0.930577692176996
0.62,309269.632767803,23183.7783820564,0.930264579623742
0.62,309184.180172213,23289.7777996132,0.929950069046952
0.62,309088.215600452,23404.8114583318,0.929608113393025
0.62,308988.722733331,23520.1770089722,0.929264518852877
0.62,308885.793915436,23635.8784147156,0.928919284421112
0.62,308779.51895124,23751.9194745627,0.928572409312624
0.62,308665.844270666,23872.6445986811,0.928210882656472
0.62,308548.757367961,23993.7433832373,0.927847588416408
0.62,308428.349376675,24115.2199570329,0.927482525055737
0.62,308304.708696476,24237.0782550038,0.927115691302458
0.62,308178.709453274,24358.5697245358,0.926749356388668
0.62,308049.682613353,24480.4458926432,0.926381269563062
0.62,307917.706564964,24602.710500557,0.926011428959235
0.62,307782.857248329,24725.3671066015,0.925639832955804
0.62,307645.361558956,24848.2830946607,0.925266893084386
0.62,307505.142595945,24971.5972046102,0.924892197813326
0.62,307362.268429047,25095.3128538201,0.924515744965166
0.62,307216.804923563,25219.4332843089,0.924137532597938
0.62,307068.492776041,25344.2315180884,0.923756734728172
0.62,306917.705406098,25469.4426926748,0.923374165221616
0.62,306764.50216698,25595.0699390014,0.922989821605499
0.62,306608.940427042,25721.1162181913,0.922603701639756
0.62,306450.370208236,25848.1463103,0.922214078530627
0.62,306289.530049579,25975.6050347713,0.921822658196813
0.62,306126.471763638,26103.495260377,0.921429437885445
0.62,305961.245381342,26231.8196903886,0.921034415078098
0.62,305792.900290885,26361.3459427674,0.92063522823603
0.62,305622.456959493,26491.3169400637,0.920234211821411
0.62,305449.960566262,26621.7353048381,0.919831362817589
0.62,305275.454700193,26752.6034976353,0.919426678447471
0.62,305097.759860744,26884.8293576301,0.919017351419157
0.62,304918.111118604,27017.5161568719,0.918606157529303
0.62,304736.547763015,27150.6662827428,0.9181930935158
0.62,304553.107675276,27284.2819633222,0.917778156364365
0.62,304366.440933577,27419.3654032684,0.917358232692357
0.62,304177.941744334,27554.9257924186,0.916936401276651
0.62,303987.644145663,27690.9652909099,0.916512658630748
0.62,303795.580941155,27827.4859016799,0.916087001526742
0.62,303600.280294878,27965.5494595322,0.915656117277687
0.62,303403.249181859,28104.105576197,0.915223281858382
0.62,303204.516955764,28243.1561905647,0.914788491581608
0.62,303004.111900492,28382.7030858459,0.914351743031731
0.62,302800.48050331,28523.8410377242,0.913909607042864
0.62,302595.203865077,28665.4865808057,0.913465474752765
0.62,302388.307168283,28807.6414374061,0.913019342299674
0.62,302179.8146814,28950.3071751743,0.912571206108172
0.62,301968.123983589,29094.5911706219,0.912117584255691
0.62,301754.858764901,29239.3970695983,0.911661919945166
0.62,301540.040506675,29384.7263816795,0.911204209168203
0.62,301323.689923148,29530.580461947,0.910744448220133
0.62,301104.181310938,29678.0643581696,0.910279149661927
0.62,300883.156302118,29826.0836394245,0.909811762003696
0.62,300660.633109821,29974.6396053074,0.909342281120946
0.62,300436.629317266,30123.7334007032,0.908870703211309
0.62,300212.951096985,30272.1802215882,0.908400780087116
0.62,299987.847415594,30421.1585769847,0.907928785156456
0.62,299761.332952214,30570.6695096589,0.907454714403012
0.62,299533.421906023,30720.7139178813,0.90697856412535
0.62,299311.145111866,30866.689773676,0.906514954935191
0.62,299087.579862212,31013.1686537856,0.906049384034394
0.62,298862.737190323,31160.1513145599,0.905581847805387
0.62,298636.627794166,31307.6383911625,0.905112342902249
0.62,298414.266487458,31452.376279729,0.904651237191245
0.62,298190.712073566,31597.5978364847,0.904188241708437
0.62,297965.973075842,31743.303601773,0.903723353125999
0.62,297740.057780467,31889.4940091743,0.903256568362763
0.62,297517.154639984,32033.4715868226,0.902796508222151
0.62,297293.132526765,32177.9169571159,0.902334614809031
0.62,297067.998095991,32322.8304829252,0.901870885044447
0.62,296841.757838192,32468.2124306954,0.901405316078998
0.62,296618.104750225,32611.6996041697,0.900945481931322
0.62,296393.392732468,32755.640639704,0.900483861963323
0.62,296167.627011553,32900.035748867,0.900020453322938
0.62,295940.812704046,33044.8850550131,0.899555253373919
0.62,295716.255221026,33188.0854031841,0.899095021548824
0.62,295490.68824045,33331.7271185405,0.898633044580763
0.62,295264.115882713,33475.810281116,0.898169319827513
0.62,295036.542200639,33620.3348888923,0.89770384485296
0.62,294810.968999395,33763.4007516327,0.897242743622345
0.62,294584.427633961,33906.8965449966,0.89677993283462
0.62,294356.921360593,34050.8222322653,0.89631541004563
0.62,294128.453400734,34195.1776998483,0.895849173008895
0.62,293901.785316737,34338.2230195824,0.895386844542122
0.62,293674.184131912,34481.6876184199,0.89492283823995
0.62,293445.652423026,34625.5713545493,0.894457151846928
0.62,293216.192757902,34769.8740134519,0.893989783298659
0.62,292988.374280694,34912.9839121858,0.893525955169575
0.62,292759.65285011,35056.5030250488,0.893060477963754
0.62,292530.030506546,35200.4311144103,0.892593349607147
0.62,292299.509301809,35344.7678734847,0.892124568210985
0.62,292070.502647958,35488.0054526418,0.891659033195552
0.62,291840.619293945,35631.642621017,0.891191875572442
0.62,291609.86085614,35775.6790526416,0.890723093443255
0.62,291378.228978794,35920.1143552173,0.890252685090555
0.62,291148.009892588,36063.5256196654,0.889785286563301
0.62,290916.937249205,36207.3271784336,0.889316290120561
0.62,290685.012329881,36351.518623461,0.888845694034569
0.62,290452.236456934,36496.0994827571,0.888373496754884
0.62,290220.791152901,36639.7169927757,0.887904117873898
0.62,289988.51293326,36783.7157491654,0.887433164386458
0.62,289755.402815565,36928.0952667288,0.886960634732072
0.62,289521.461868763,37072.8549985886,0.886486527523852
0.62,289288.784770554,37216.70062254,0.886015083091994
0.62,289055.293376023,37360.9186279915,0.885542086287271
0.62,288820.98849614,37505.5084570605,0.88506753571274
0.62,288585.871001507,37650.4694921714,0.884591430141729
0.62,288351.963046111,37794.5565110957,0.884117860394747
0.62,288117.257771047,37939.0071809153,0.883642759673687
0.62,287881.755827064,38083.8208747799,0.883166126742227
0.62,287645.457931279,38228.9969078247,0.882687960531611
0.62,287410.325263917,38373.3316554508,0.882212226302843
0.62,287174.410914888,38518.0214197176,0.881734981855073
0.62,286937.715412211,38663.065508172,0.881256226109525
0.62,286700.239355819,38808.4631717577,0.880775958152855
0.62,286463.892330893,38953.0463160141,0.880298037102856
0.62,286226.77816816,39097.9759098318,0.879818626096744
0.62,285988.897303666,39243.2511980123,0.879337724210835
0.62,285750.250249675,39388.871370123,0.878855330684622
0.62,285512.702647836,39533.6989308789,0.878375214311347
0.62,285274.401555886,39678.864418753,0.877893627873709
0.62,285035.347343131,39824.3670183226,0.877410570600908
0.62,284795.540458504,39970.2058601867,0.876926041883235
0.62,284556.808861099,40115.270028304,0.876443733118274
0.62,284317.336686423,40260.6636282353,0.875959973907027
0.62,284077.124257533,40406.3857867429,0.875474763629038
0.62,283836.171979959,40552.4355776758,0.874988101823302
0.62,283596.275278828,40697.7253707561,0.874503613112683
0.62,283355.650310091,40843.336114158,0.874017693378257
0.62,283114.297367471,40989.2668789772,0.873530342147645
0.62,282872.216829245,41135.5166844858,0.873041559106049
0.62,282631.175827111,41281.0184833363,0.87255491084176
0.62,282389.418371635,41426.8327548441,0.872066850842939
0.62,282146.944741207,41572.9585163615,0.871577378783275
0.62,281903.755300368,41719.3947344458,0.871086494492258
0.62,281661.592392636,41865.0927187167,0.870597713742508
0.62,281418.72443928,42011.0946942247,0.870107540464958
0.62,281175.151714893,42157.3996263717,0.869615974477385
0.62,280930.874581059,42304.0064309483,0.869123015750962
0.62,280687.613485665,42449.8829441538,0.868632135195819
0.62,280443.658418956,42596.0549579484,0.868139881277539
0.62,280199.009660871,42742.5213876765,0.86764625395533
0.62,279953.667579356,42889.2810999088,0.867151253340465
0.62,279709.333124785,43035.316945612,0.866658310412814
0.62,279464.315500063,43181.6397882681,0.866164013276785
0.62,279218.614998214,43328.2484948022,0.865668362030932
0.62,278972.232000821,43475.1418842724,0.865171356924231
0.62,278726.849949595,43621.3165734179,0.864676393094038
0.62,278480.795306141,43767.7697403917,0.864180094226109
0.62,278234.068382777,43914.500205336,0.863682460556007
0.62,277986.669580697,44061.5067414064,0.863183492468104
0.62,277740.26647855,44207.7987016334,0.862686552637327
0.62,277493.201179983,44354.3606037252,0.862188296975409
0.62,277245.4740217,44501.1912225857,0.861688725852688
0.62,276997.085429408,44648.2892869908,0.861187839786727
0.62,276749.688479962,44794.6760380291,0.860688971784101
0.62,276501.639581698,44941.3241776878,0.860188807208334
0.62,276252.939099935,45088.2324370588,0.859687346562537
0.62,276003.587488967,45235.3995019455,0.859184590495471
0.62,275755.224452483,45381.8578012378,0.858683844659886
0.62,275506.219594863,45528.568918703,0.858181821572963
0.62,275256.573313225,45675.531543148,0.857678521868078
0.62,275006.286093661,45822.7443188097,0.857173946323068
0.62,274756.98519248,45969.2502902926,0.856671375133695
0.62,274507.052500959,46116.0004931346,0.856167546087261
0.62,274256.488450863,46262.993575137,0.85566245994562
0.62,274005.293562273,46410.2281405599,0.855156117612795
0.62,273755.083412168,46556.7573774066,0.854651775399113
0.62,273504.251424891,46703.5222435367,0.854146194801948
0.62,273252.79806857,46850.5213473199,0.853639376708712
0.62,273000.723899449,46997.7532542811,0.853131322147815
0.62,272749.633440505,47144.2809129655,0.852625264821784
0.62,272497.931035409,47291.0355852612,0.852117988669205
0.62,272245.617190259,47438.0158414405,0.851609494700854
0.62,271992.692498787,47585.2202097277,0.851099784066961
0.62,271740.75093875,47731.7210891884,0.850592068899714
0.62,271488.207274038,47878.4403549589,0.850083154548503
0.62,271235.062049965,48025.3765404913,0.849573042145389
0.62,270981.315898939,48172.5281379794,0.849061732960337
0.62,270728.552669152,48318.9767450929,0.848552418400468
0.62,270475.197137138,48465.6351016036,0.848041924386386
0.62,270221.24988808,48612.5017055475,0.847530252168826
0.62,269966.711593845,48759.5750143766,0.847017403135274
0.62,269713.156301933,48905.9456259612,0.846506548634272
0.62,269459.018479489,49052.517342746,0.845994534495847
0.62,269204.298752048,49199.288628666,0.845481362087046
0.62,268948.997831171,49346.2579078522,0.844967032910122
0.62,268694.680227003,49492.5246204015,0.84445469878609
0.62,268439.78983963,49638.9837892538,0.843941224926975
0.62,268184.327335296,49785.633845469,0.843426612814014
0.62,267928.293465582,49932.47318108,0.842910864062108
0.62,267673.243404833,50078.609958024,0.842397111368422
0.62,267417.630289089,50224.9305401957,0.841882238925819
0.62,267161.454825451,50371.4333269918,0.841366248327609
0.62,266904.717805243,50518.1166797796,0.840849141298424
0.62,266648.965224314,50664.0973889166,0.840334031723521
0.62,266392.659301535,50810.2532526326,0.839817822467327
0.62,266135.800784381,50956.5826401218,0.839300515232167
0.62,265878.390503985,51103.0838832093,0.838782111850529
0.62,265621.965390344,51248.8823339652,0.838265707615508
0.62,265364.99663569,51394.8472919038,0.837748223844776
0.62,265107.485027621,51540.9770972428,0.837229662347393
0.62,264849.431436608,51687.2700536,0.836710025061031
0.62,264592.363807401,51832.8600271483,0.836192388839866
0.62,264334.762227668,51978.6078665698,0.835673693302676
0.62,264076.627524751,52124.5118843189,0.835153940362988
0.62,263817.960608062,52270.5703570182,0.834633132061369
0.62,263560.280484688,52415.925636626,0.834114326898078
0.62,263302.076092205,52561.4301497167,0.833594482708428
0.62,263043.348297142,52707.0821822223,0.833073601507989
0.62,262784.098047482,52852.8799848939,0.832551685438223
0.62,262525.835440949,52997.9743783769,0.83203177469008
0.62,262267.0582384,53143.2093846787,0.831510845270941
0.62,262007.767345041,53288.5832643613,0.83098889929628
0.62,261747.963746492,53434.0942436843,0.830465939005482
0.62,261489.148632943,53578.9016098835,0.829944986270142
0.62,261229.828588351,53723.840982783,0.829423035280276
0.62,260970.004555738,53868.9105988695,0.828900088248569
0.62,260709.677557685,54014.1086610902,0.828376147510048
0.62,260450.339869357,54158.6029263285,0.827854216586906
0.62,260190.506906498,54303.2206095788,0.827331307881799
0.62,259930.17964922,54447.9599244223,0.826807423702347
0.62,259669.359156125,54592.8190517764,0.826282566476516
0.62,259409.528758153,54736.9742331102,0.825759721302285
0.62,259149.212733098,54881.2442640029,0.825235918869775
0.62,258888.412097033,55025.6273364811,0.824711161578565
0.62,258627.12794407,55170.1216104352,0.824185451947843
0.62,258366.834625428,55313.9118299815,0.823661756562912
0.62,258106.065317057,55457.8083537266,0.823137124489179
0.62,257844.82107023,55601.8093532519,0.822611558216047
0.62,257583.103013385,55745.9129687591,0.822085060350951
0.62,257322.376471086,55889.3124709211,0.821560578854165
0.62,257061.183564946,56032.8097578908,0.821035181278248
0.62,256799.525380639,56176.4029819014,0.820508870200303
0.62,256537.403080131,56320.0902645606,0.819981648313887
0.62,256276.272906412,56463.0734308093,0.819456444825058
0.62,256014.685981967,56606.1458911347,0.818930345901862
0.62,255752.643425976,56749.3057795456,0.818403354206845
0.62,255490.146432816,56892.5512002948,0.817875472517001
0.62,255228.642104636,57035.0925620073,0.817349611145543
0.62,254966.690624671,57177.7147583427,0.816822875014584
0.62,254704.293144253,57320.4159064316,0.816295266869007
0.62,254441.45088924,57463.1940942815,0.815766789566993
0.62,254179.601752252,57605.2683479953,0.815240334370704
0.62,253917.315045963,57747.415011128,0.814713025113397
0.62,253654.591953269,57889.6321848372,0.814184864620777
0.62,253391.433730491,58031.9179420221,0.813655855829824
0.62,253129.268995683,58173.4999572441,0.813128870800244
0.62,252866.676256228,58315.1459933125,0.812601052427321
0.62,252603.656725339,58456.8541366558,0.812072403614772
0.62,252340.211688545,58598.6224463066,0.811542927375573
0.62,252077.760416214,58739.687279761,0.811015476398812
0.62,251814.890683712,58880.8077849317,0.810487212809372
0.62,251551.603733519,59021.9820346321,0.809958139586626
0.62,251287.900879763,59163.2080749043,0.809428259818059
0.62,251025.191970057,59303.7309807553,0.808900406649641
0.62,250762.07412278,59444.3012510073,0.808371761607481
0.62,250498.548608403,59584.9169460784,0.80784232774382
0.62,250234.616768376,59725.5761002351,0.80731210821787
0.62,249971.678954971,59865.5325382613,0.806783916464569
0.62,249708.34170217,60005.5280779445,0.806254953578455
0.62,249444.60630781,60145.5607681589,0.805725222683187
0.62,249180.474139383,60285.6286325988,0.805194727006926
0.62,248917.335977287,60424.9942791765,0.804666260097412
0.62,248653.807847752,60564.3908115137,0.804137042793361
0.62,248389.891074468,60703.8162682511,0.803607078286639
0.62,248125.587050349,60843.268663345,0.803076369872938
0.62,247862.276911355,60982.019418036,0.802547691044302
0.62,247598.586248184,61120.7928920131,0.802018282550845
0.62,247334.516409685,61259.5871145468,0.801488147651089
0.62,247070.068812828,61398.4000910696,0.80095728970536
0.62,246806.614871993,61536.5120876894,0.800428461972056
0.62,246542.789819559,61674.6386887967,0.799898925290253
0.62,246278.595028396,61812.7779153776,0.799368682982699
0.62,246014.031938387,61950.9277654217,0.798837738471921
0.62,245750.462170669,62088.3773774598,0.798308824615509
0.62,245486.530670895,62225.8335332554,0.797779222508031
0.62,245222.238834888,62363.2942465414,0.797248935534196
0.62,244957.588124608,62500.757508774,0.796717967176924
0.62,244693.930293792,62637.5213586476,0.796189029720641
0.62,244429.920075439,62774.2837477596,0.795659424687146
0.62,244165.558886959,62911.0426837645,0.795129155520255
0.62,243900.848211488,63047.7961525179,0.794598225761342
0.62,243637.129865886,63183.8511170452,0.794069326958575
0.62,243373.068439895,63319.8966747873,0.793539781223512
0.62,243108.665371609,63455.9308282426,0.793009592057149
0.62,242843.922163982,63591.9515588208,0.792478763056492
0.62,242580.170627755,63727.2747767826,0.791949964870692
0.62,242316.085278577,63862.5807026591,0.791420540363276
0.62,242051.667574328,63997.8673347,0.790890493090528
0.62,241786.91903689,64133.132650772,0.790359826703185
0.62,241523.161404655,64267.7015285717,0.789831190794587
0.62,241259.079185264,64402.2452916849,0.789301949136382
0.62,240994.673855344,64536.7619350831,0.788772105337957
0.62,240729.946954439,64671.2494341734,0.788241663101144
0.62,240466.210083636,64805.0416524719,0.787713250809176
0.62,240202.157807692,64938.8009982177,0.78718425329612
0.62,239937.791620718,65072.5254641768,0.78665467422184
0.62,239673.113079124,65206.213024128,0.786124517337575
0.62,239409.423583446,65339.2065437501,0.785596389665545
0.62,239145.42781852,65472.1594997848,0.785067697252257
0.62,238881.127295306,65605.0698835346,0.784538443806695
0.62,238616.523585755,65737.9356682405,0.784008633126746
0.62,238352.90783,65870.1087351943,0.783480850729522
0.62,238088.994892848,66002.2336161997,0.782952524017851
0.62,237824.786300868,66134.3083021363,0.782423656747257
0.62,237560.283641011,66266.3307663877,0.78189425276111
0.62,237296.767735853,66397.661916784,0.781366875932729
0.62,237032.963687309,66528.9373292906,0.780838975159624
0.62,236768.87303632,66660.1549953873,0.780310554241298
0.62,236504.497383615,66791.3128896183,0.779781617064056
0.62,236241.107179421,66921.7809549187,0.779254705723532
0.62,235977.437817546,67052.1858028481,0.778727290745526
0.62,235713.490852787,67182.52542614,0.7781993759724
0.62,235449.267898431,67312.7978015001,0.777670965330861
0.62,235186.028979628,67442.3819133422,0.777144579009159
0.62,234922.519834817,67571.8954024204,0.776617709290845
0.62,234658.742031526,67701.3362636732,0.776090360058793
0.62,234394.697194948,67830.7024766763,0.775562535278715
0.62,234131.634877496,67959.3820700289,0.775036733112014
0.62,233868.311210015,68087.9837108861,0.774510467719436
0.62,233604.727771485,68216.5053974022,0.773983743021714
0.62,233340.886197973,68344.9451129116,0.773456563021408
0.62,233078.025521495,68472.6999317421,0.77293140373373
0.62,232814.912312931,68600.3695458708,0.772405801315652
0.62,232551.548162081,68727.95195735,0.771879759724424
0.62,232287.934715032,68855.4451540652,0.771353282997635
0.62,232025.30043965,68982.2552545491,0.770828824892921
0.62,231762.422390669,69108.9729770278,0.770303943674774
0.62,231499.302167622,69235.5963283498,0.769778643334681
0.62,231235.941425528,69362.1233018436,0.769252927942993
0.62,230973.558027974,69487.9690558217,0.768729228895777
0.62,230710.939553769,69613.7153390637,0.768205126668989
0.62,230448.087611502,69739.360163902,0.767680625286904
0.62,230185.003864214,69864.9015299041,0.767155728850719
0.62,229922.895532798,69989.7636287711,0.76663284629454
0.62,229660.560758743,70114.5192460458,0.766109580406331
0.62,229398.001158472,70239.1664004844,0.765585935240613
0.62,229135.218402316,70363.7030985952,0.76506191492786
0.62,228873.409033889,70487.5625561112,0.764539905847681
0.62,228611.381791994,70611.3086045682,0.764017533192464
0.62,228349.138300082,70734.9392698757,0.763494801045267
0.62,228086.680234978,70858.4525662058,0.762971713564138
0.62,227825.193430678,70981.2907217777,0.762450634486359
0.62,227563.497255626,71104.008625555,0.761929211496338
0.62,227301.593339759,71226.6043111975,0.761407448704471
0.62,227039.483365125,71349.0758014766,0.760885350293743
0.62,226778.34242734,71470.8743227535,0.760365257278648
0.62,226517.00055375,71592.5458354013,0.759844839916852
0.62,226255.45937943,71714.0883817926,0.759324102343302
0.62,225993.720591302,71835.4999937942,0.758803048765091
0.62,225732.948520061,71956.2408794227,0.758283997398168
0.62,225471.983878275,72076.8480869076,0.757764641148577
0.62,225210.828305814,72197.3196678208,0.757244984175009
0.62,224949.483493392,72317.653663947,0.756725030706404
0.62,224689.102983171,72437.3192460261,0.756207076090495
0.62,224428.538197013,72556.8445687106,0.755688835952081
0.62,224167.790778437,72676.2276936215,0.755170314471193
0.62,223906.862421056,72795.4666731886,0.75465151589671
0.62,223646.895857497,72914.0396196516,0.754134712644006
0.62,223386.753240232,73032.4658150002,0.753617643121204
0.62,223126.436215621,73150.7433315832,0.753100311527947
0.62,222865.946479629,73268.8702330346,0.752582722131837
0.62,222606.415937842,73386.333549209,0.752067124359006
0.62,222346.717491018,73503.643713066,0.751551279457923
0.62,222086.852787574,73620.7988083435,0.751035191646154
0.62,221826.823524797,73737.7969106468,0.750518865207846
0.62,221567.750766606,73854.1339412048,0.750004526529066
0.62,221308.518176945,73970.311509877,0.749489959749803
0.62,221049.127405847,74086.3277122858,0.748975169104534
0.62,220789.580150996,74202.1806367178,0.748460158891976
0.62,220530.986622112,74317.3750675556,0.747947132411827
0.62,220272.241259314,74432.4038193763,0.747433896742612
0.62,220013.345712999,74547.2650005355,0.746920456133105
0.62,219754.301681001,74661.9567123967,0.746406814895957
0.62,219496.208509199,74775.9925719623,0.745895153204298
0.62,219237.971423508,74889.856628862,0.745383301115161
0.62,218979.59207437,75003.5470046084,0.744871262890833
0.62,218721.072158708,75117.0618143904,0.744359042855658
0.62,218463.500151938,75229.9234749502,0.743848798022378
0.62,218205.792072808,75342.6073034481,0.743338381460981
0.62,217947.949571003,75455.1114351815,0.742827797445538
0.62,217689.974341989,75567.4339996747,0.742317050310853
0.62,217432.943986589,75679.1061784446,0.741808273880811
0.62,217175.785320949,75790.5945907287,0.741299344267496
0.62,216918.49999321,75901.8973862194,0.740790265755061
0.62,216661.089696357,76013.0127094862,0.740281042686582
0.62,216404.621155198,76123.4804697004,0.739773785674404
0.62,216148.031985312,76233.7586247896,0.739266393896433
0.62,215891.323832365,76343.8453395047,0.738758871644894
0.62,215634.498386684,76453.7387737909,0.738251223270635
0.62,215378.611496563,76562.9875259898,0.737745536154047
0.62,215122.611577483,76672.0409309671,0.737239732559023
0.62,214866.500272466,76780.8971688543,0.736733816785379
0.62,214610.279268021,76889.554415718,0.736227793189279
0.62,214354.993540935,76997.5699172854,0.73572372591008
0.62,214099.602302322,77105.3844265728,0.735219560308024
0.62,213844.107191495,77212.996139792,0.734715300688241
0.62,213588.509890833,77320.4032495003,0.734210951411443
0.62,213333.844511076,77427.1716059162,0.733708553368234
0.62,213079.081053767,77533.7334227256,0.733206075023243
0.62,212824.221153956,77640.0869126879,0.732703520685666
0.62,212569.266489359,77746.2302853116,0.732200894719531
0.62,212315.240313904,77851.7379499148,0.731700214766919
0.62,212061.123410594,77957.0336258558,0.731199472396971
0.62,211806.917409938,78062.1155427872,0.730698671922232
0.62,211552.62398396,78166.9819278226,0.730197817707843
0.62,211299.255538983,78271.2157031058,0.729698904148038
0.62,211045.803630882,78375.2321393923,0.729199945916848
0.62,210792.269884776,78479.0294838026,0.728700947328315
0.62,210538.65596691,78582.605981307,0.728201912748355
0.62,210285.963450391,78685.5530175911,0.727704813334744
0.62,210033.194649963,78788.2774636402,0.727207686855602
0.62,209780.35118469,78890.7775845299,0.726710537624981
0.62,209527.434714126,78993.0516436698,0.726213370007598
0.62,209275.435992473,79094.6994401801,0.725718131936543
0.62,209023.368079602,79196.1194948434,0.725222884263204
0.62,208771.232588209,79297.3100910225,0.724727631300856
0.62,208519.031170605,79398.2695109933,0.724232377411741
0.62,208267.743781369,79498.6059143567,0.723739047326361
0.62,208016.394206801,79598.7095241009,0.723245724958259
0.62,207764.984052426,79698.5786423976,0.722752414618171
0.62,207513.514962769,79798.2115707986,0.722259120664623
0.62,207262.956111962,79897.2247756671,0.721767744647952
0.62,207012.341993988,79996.0002354205,0.721276393522113
0.62,206761.674206755,80094.5362714073,0.720785071594242
0.62,206510.954386822,80192.8312047151,0.720293783218598
0.62,206261.14094953,80290.5097529604,0.719804406793241
0.62,206011.279075246,80387.945705027,0.719315072285195
0.62,205761.370353744,80485.1374018261,0.718825783996801
0.62,205511.416412857,80582.0831844603,0.71833654627637
0.62,205262.364932509,80678.4159648304,0.717849214401509
0.62,205013.271756787,80774.5013986356,0.717361941321725
0.62,204764.13846692,80870.3378466874,0.716874731333562
0.62,204514.966681354,80965.9236705297,0.7163875887779
0.62,204266.693373069,81060.8999166501,0.715902345854292
0.62,204018.385022208,81155.6241666069,0.715417178453758
0.62,203770.043200636,81250.0948015958,0.714932090865244
0.62,203521.669517107,81344.3102038814,0.714447087421412
0.62,203274.190264674,81437.9194946668,0.713963977283917
0.62,203026.682532831,81531.2722407651,0.713480959245599
0.62,202779.147884038,81624.3668439318,0.712998037587528
0.62,202531.587916816,81717.2017075143,0.712515216632889
0.62,202284.918274344,81809.4339656781,0.712034282552157
0.62,202038.226625993,81901.4052316634,0.71155345699426
0.62,201791.514524112,81993.1139282042,0.71107274423082
0.62,201544.783556806,82084.558479949,0.710592148574981
0.62,201298.938750204,82175.4039705353,0.710113433258793
0.62,201053.07832115,82265.9841225953,0.709634842735195
0.62,200807.203811618,82356.2973800846,0.709156381265646
0.62,200561.316798786,82446.3421892848,0.708678053152052
0.62,200316.311724351,82535.7915192091,0.708201598741026
0.62,200071.297320697,82624.971265343,0.70772528523773
0.62,199826.27511901,82713.8798931569,0.707249116892446
0.62,199581.246684872,82802.515870942,0.706773097994344
0.62,199337.095912117,82890.5599868781,0.706298946065926
0.62,199092.942012887,82978.3303748441,0.705824951004641
0.62,198848.786507003,83065.8255221635,0.705351117048272
0.62,198604.630948403,83153.0439192821,0.704877448472943
0.62,198361.348720249,83239.6741064746,0.704405640040256
0.62,198118.069477783,83326.0265225008,0.70393400427765
0.62,197874.794729078,83412.0996767986,0.703462545409453
0.62,197631.526015793,83497.8920823138,0.702991267697303
0.62,197389.126250447,83583.0999627121,0.702521843211286
0.62,197146.735492071,83668.0261296857,0.702052607040715
0.62,196904.355236789,83752.6691149739,0.701583563395861
0.62,196661.987013532,83837.0274542909,0.701114716522798
0.62,196420.483303802,83920.804985529,0.70064771586939
0.62,196178.994531437,84004.2969618447,0.700180919018652
0.62,195937.522180082,84087.5019375709,0.699714330165573
0.62,195696.067765936,84170.4184712961,0.699247953540432
0.62,195455.473383642,84252.7579438189,0.698783416047623
0.62,195214.89977808,84334.8081205364,0.698319097685762
0.62,194974.348420331,84416.5675785059,0.697855002634169
0.62,194733.820813274,84498.0348994899,0.697391135105981
0.62,194494.148706407,84578.9289361489,0.696929099536861
0.62,194254.50312485,84659.5300364282,0.69646729826794
0.62,194014.885526372,84739.8368004591,0.696005735461212
0.62,193775.29740055,84819.8478332593,0.695544415312497
0.62,193536.560199175,84899.2893858241,0.69508491987521
0.62,193297.855180755,84978.4344615596,0.694625673747528
0.62,193059.183789601,85057.2816838035,0.694166681073627
0.62,192820.547501346,85135.829681127,0.693707946030549
0.62,192582.757516346,85213.8120292112,0.693251028374428
0.62,192345.005280982,85291.4944598869,0.692794374876886
0.62,192107.292225982,85368.8756198194,0.692337989663816
0.62,191869.619812659,85445.9541613306,0.69188187689255
0.62,191632.789038787,85522.470909787,0.69142757411259
0.62,191396.001490365,85598.6843998143,0.6909735501794
0.62,191159.258584337,85674.5933015435,0.690519809199992
0.62,190922.561767507,85750.1962911745,0.6900663553114
0.62,190686.701883701,85825.2413683474,0.68961470394747
0.62,190450.890610505,85899.9799452557,0.689163345957605
0.62,190215.129350724,85974.410715676,0.688712285429034
0.62,189979.419536562,86048.5323797759,0.688261526478099
0.62,189744.541910814,86122.1000342323,0.687812562522916
0.62,189509.718190514,86195.3580453532,0.687363906308302
0.62,189274.949763818,86268.3051307804,0.686915561900508
0.62,189040.238048079,86340.9400147804,0.686467533394487
0.62,188806.353735998,86413.0248140201,0.686021292289505
0.62,188572.528533737,86484.7969253194,0.685575373130016
0.62,188338.763814814,86556.2550902308,0.685129779961094
0.62,188105.0609815,86627.3980572403,0.684684516855633
0.62,187872.180730105,86697.994884671,0.684241033496992
0.62,187639.364703004,86768.2760774879,0.683797886127752
0.62,187406.614258763,86838.2404012955,0.683355078770991
0.62,187173.930784008,86907.8866290077,0.682912615476255
0.62,186942.065034552,86976.9906812147,0.682471924218858
0.62,186710.268534055,87045.7762496639,0.682031582833414
0.62,186478.542625661,87114.2421241888,0.681591595319889
0.62,186246.888680649,87182.3871020731,0.681151965704829
0.62,186016.04756921,87249.9938867152,0.680714100362201
0.62,185785.280641706,87317.2794355483,0.680276598612447
0.62,185554.589225996,87384.2425626239,0.679839464432457
0.62,185323.974677643,87450.8820897309,0.67940270182486
0.62,185094.168038385,87516.9874225757,0.678967695674109
0.62,184864.440429008,87582.7688640454,0.678533066676273
0.62,184634.793161807,87648.2252525137,0.678098818784418
0.62,184405.227576112,87713.3554344428,0.677664955976048
0.62,184176.464943577,87777.955436664,0.677232841761003
0.62,183947.786097766,87842.2289880161,0.676801118097398
0.62,183719.192335397,87906.1749512145,0.676369788914235
0.62,183490.684979819,87969.7921973349,0.675938858164143
0.62,183262.97559118,88032.8832927749,0.675509668098434
0.62,183035.354657799,88095.6454732456,0.675080881822194
0.62,182807.823460487,88158.0776259095,0.67465250323951
0.62,182580.383306276,88220.1786465528,0.674224536277292
0.62,182353.736104722,88281.7575586352,0.673798302049588
0.62,182127.181938972,88343.0051864888,0.673372484689007
0.62,181900.722073686,88403.920441792,0.672947088074043
0.62,181674.357799355,88464.5022451027,0.672522116105236
0.62,181448.781435163,88524.5659943487,0.672098868880151
0.62,181223.30259951,88584.29618441,0.671676051439328
0.62,180997.922541014,88643.6917514481,0.671253667635655
0.62,180772.642533484,88702.7516408208,0.670831721342821
0.62,180548.145367317,88761.2975417021,0.670411491766042
0.62,180323.750135403,88819.5077020317,0.669991704731168
0.62,180099.458069935,88877.3810825471,0.66957236406454
0.62,179875.270427916,88934.9166534224,0.669153473612546
0.62,179651.860534734,88991.9423110455,0.668736291817113
0.62,179428.55689481,89048.630139743,0.668319565161853
0.62,179205.360723704,89104.9791248634,0.667903297445959
0.62,178982.273261669,89160.9882613622,0.667487492488398
0.62,178759.958431413,89216.4915689643,0.667073388094966
0.62,178537.754086962,89271.6550516542,0.666659751280629
0.62,178315.661427554,89326.477719291,0.666246585817785
0.62,178093.6816765,89380.958591633,0.665833895497412
0.62,177872.469418734,89434.9377270134,0.665422897621952
0.62,177651.371793891,89488.5751330762,0.665012379606629
0.62,177430.389984366,89541.8698442917,0.664602345195866
0.62,177209.525196522,89594.8209051891,0.664192798152419
0.62,176989.4227421,89647.2743278824,0.663784935408373
0.62,176769.438982586,89699.3842077953,0.663377564647746
0.62,176549.575083526,89751.1496039739,0.662970689586761
0.62,176329.832234084,89802.569585739,0.662564313959271
0.62,176110.846539175,89853.4960335724,0.662159614464126
0.62,175891.983516427,89904.0772154266,0.661755418918245
0.62,175673.244314709,89954.312214843,0.661351731009748
0.62,175454.630105914,90004.2001259046,0.66094855444324
0.62,175236.767852979,90053.598612255,0.660547045819485
0.62,175019.032165486,90102.6501989125,0.660146052954394
0.62,174801.424175475,90151.3539939036,0.659745579507485
0.62,174583.945037666,90199.7091159978,0.659345629154089
0.62,174367.21264061,90247.5789260392,0.658947338537921
0.62,174150.610619079,90295.1002913754,0.658549575334384
0.62,173934.140087889,90342.2723445516,0.65815234317347
0.62,173717.802184705,90389.0942289433,0.657755645701222
0.62,173502.205791058,90435.4349165824,0.657360599745769
0.62,173286.743500117,90481.4257025129,0.65696609270164
0.62,173071.41640992,90527.0657436433,0.656572128169898
0.62,172856.225640535,90572.354208009,0.656178709766106
0.62,172641.77113514,90617.1655924551,0.655786934647463
0.62,172427.454377706,90661.6257053497,0.655395709784958
0.62,172213.276449123,90705.7337279801,0.65500503874984
0.62,171999.238451991,90749.4888529426,0.654614925127218
0.62,171785.931458166,90792.7710157917,0.654226446545883
0.62,171572.765776133,90835.7006236456,0.653838529412166
0.62,171359.742469437,90878.2768821385,0.653451177266938
0.62,171146.862623511,90920.4990082917,0.653064393665197
0.62,170934.708509152,90962.2522895526,0.652679236856564
0.62,170722.699189506,91003.651818005,0.652294652534267
0.62,170510.835711157,91044.6968234766,0.651910644209291
0.62,170299.119142028,91085.3865474036,0.65152721540569
0.62,170088.123020388,91125.611542626,0.65114540514085
0.62,169877.275096335,91165.4816720031,0.650764178249512
0.62,169666.576399393,91204.996189495,0.650383538212396
0.62,169456.027980127,91244.1543608379,0.650003488522685
0.62,169246.194713814,91282.8519175476,0.649625049115121
0.62,169036.512968785,91321.1935792933,0.649247203817914
0.62,168826.983757338,91359.1786241139,0.648869956081005
0.62,168617.608112515,91396.8063419839,0.648493309366209
0.62,168408.942317885,91433.9775560632,0.64811826467922
0.62,168200.431289543,91470.7919291884,0.647743824689658
0.62,167992.076022561,91507.2487633834,0.647369992816491
0.62,167783.877532707,91543.3473727206,0.646996772490413
0.62,167576.383580864,91578.9935854002,0.646625145938429
0.62,167369.047562445,91614.2820933958,0.646254134522324
0.62,167161.87045546,91649.21222259,0.645883741630193
0.62,166954.853258098,91683.7833111053,0.645513970660861
0.62,166748.535279961,91717.9061051927,0.645145785218131
0.62,166542.378325342,91751.6704122575,0.644778225202285
0.62,166336.383355049,91785.0755819633,0.644411293970095
0.62,166130.55134979,91818.1209763571,0.644044994888505
0.62,165925.413239043,91850.7221728576,0.64368027309398
0.62,165720.439165474,91882.964180549,0.643316186870682
0.62,165515.630072709,91914.8463727635,0.642952739543904
0.62,165310.986924249,91946.3681353178,0.642589934448995
0.62,165107.032339906,91977.4497900932,0.642228698410575
0.62,164903.244730744,92008.1716339473,0.641868107942157
0.62,164699.6250234,92038.5330637387,0.641508166337705
0.62,164496.174164117,92068.5334889459,0.641148876900697
0.62,164293.406535652,92098.0978889675,0.640791148304039
0.62,164090.808745579,92127.3019347393,0.640434075131847
0.62,163888.38170374,92156.1450465025,0.640077660646909
0.62,163686.126338848,92184.6266573163,0.639721908120159
0.62,163484.548866841,92212.6763176034,0.63936770822958
0.62,163283.144022606,92240.365158181,0.639014173475054
0.62,163081.912698835,92267.6926226027,0.638661307087376
0.62,162880.855807077,92294.6581673283,0.638309112305401
0.62,162680.471469769,92321.1958269993,0.637958461975244
0.62,162480.262476348,92347.3722785163,0.637608486350581
0.62,162280.229702484,92373.1869885989,0.637259188630264
0.62,162080.374042696,92398.6394369605,0.636910572021111
0.62,161881.185596253,92423.6680561958,0.636563491696038
0.62,161682.17513752,92448.3351549218,0.636217095505233
0.62,161483.343525286,92472.6402228759,0.635871386615653
0.62,161284.691636703,92496.5827629317,0.635526368201323
0.62,161086.70162134,92520.1055191192,0.635182877926943
0.62,160888.89216589,92543.2665176518,0.63484008107586
0.62,160691.264112316,92566.065271141,0.634497980783069
0.62,160493.818320713,92588.5013054426,0.634156580190149
0.62,160297.029061763,92610.5215899981,0.633816699614804
0.62,160100.422864139,92632.1799540489,0.633477521613279
0.62,159904.000553128,92653.4759329242,0.633139049288682
0.62,159707.762971914,92674.4090753009,0.632801285750232
0.62,159512.176585523,92694.9304899135,0.632465034134871
0.62,159316.775692001,92715.0898945503,0.632129494106726
0.62,159121.561100028,92734.886847107,0.631794668736962
0.62,158926.533635958,92754.3209189261,0.631460561102397
0.62,158732.152030232,92773.3472723467,0.631127957322579
0.62,158537.958280047,92792.0115987652,0.630796074007775
0.62,158343.953177404,92810.3134785039,0.630464914196906
0.62,158150.137531749,92828.2525054253,0.630134480934093
0.62,157956.962411794,92845.7878098146,0.629805543488752
0.62,157763.977441726,92862.9611417357,0.629477335251369
0.62,157571.183397179,92879.7721037547,0.629149859228992
0.62,157378.581070786,92896.2203120886,0.628823118433028
0.62,157186.613941707,92912.2687796098,0.628497865449718
0.62,156994.839189703,92927.9553998089,0.628173350284277
0.62,156803.257573894,92943.2797973534,0.627849575911463
0.62,156611.869870194,92958.2416106442,0.627526545309968
0.62,156421.112039937,92972.8076500602,0.627204994549876
0.62,156230.548747489,92987.0120370046,0.626884190085571
0.62,156040.180735401,93000.8544180881,0.626564134859263
0.62,155850.00876327,93014.3344536996,0.626244831817445
0.62,155660.461346985,93027.4226668498,0.625927000683015
0.62,155471.110563506,93040.1494911731,0.625609924191356
0.62,155281.957139219,93052.5145950276,0.625293605252649
0.62,155093.001817352,93064.5176606288,0.624978046780942
0.62,154904.665740432,93076.1328390406,0.624663952321245
0.62,154716.528326601,93087.3869601292,0.624350620721955
0.62,154528.590286333,93098.2797138183,0.624038054861489
0.62,154340.85234629,93108.8108039895,0.623726257620956
0.62,154153.728346867,93118.9579255153,0.623415916536207
0.62,153966.80497713,93128.7443881473,0.623106346401746
0.62,153780.082931445,93138.1699032158,0.622797550063736
0.62,153593.562920167,93147.2341960752,0.62248953037064
0.62,153407.651553577,93155.9184214122,0.622182959020014
0.62,153221.942720234,93164.2424523021,0.621877166582768
0.62,153036.437098503,93172.2060212994,0.621572155872843
0.62,152851.135382779,93179.8088750353,0.621267929706466
0.62,152666.437025832,93187.0355443151,0.620965144115558
0.62,152481.943043682,93193.9025486869,0.620663145275924
0.62,152297.654098736,93200.4096417476,0.620361935969198
0.62,152113.570869468,93206.5565912226,0.620061518979287
0.62,151930.085720785,93212.3312207788,0.619762534841132
0.62,151746.806727029,93217.7467791408,0.619464345167828
0.62,151563.734535135,93222.8030407479,0.619166952709362
0.62,151380.869807708,93227.4997942336,0.61887036021725
0.62,151198.597894149,93231.828073107,0.618575192903374
0.62,151016.533855551,93235.7979377455,0.618280827645698
0.62,150834.678323204,93239.4091832525,0.617987267162124
0.62,150653.031943888,93242.6616189775,0.617694514171717
0.62,150471.973122728,93245.5494056469,0.617403178736192
0.62,150291.123837053,93248.0794973779,0.617112652826869
0.62,150110.484702706,93250.2517097444,0.616822939129742
0.62,149930.056350849,93252.0658726153,0.616534040331614
0.62,149750.210312474,93253.5191916876,0.616246551516031
0.62,149570.575411561,93254.6155965356,0.615959879576801
0.62,149391.152248632,93255.3549230103,0.615674027168075
0.62,149211.94143936,93255.737021303,0.615388996944463
0.62,149033.307711875,93255.7620601962,0.61510536918597
0.62,148854.886666162,93255.4310260869,0.614822565535494
0.62,148676.678887482,93254.7437749072,0.614540588615301
0.62,148498.684976298,93253.7001769726,0.61425944104812
0.62,148321.262927949,93252.3032826618,0.613979688483955
0.62,148144.055048901,93250.5512161675,0.613700767142362
0.62,147967.061909432,93248.4438533065,0.613422679614028
0.62,147790.284094642,93245.9810843166,0.61314542848942
0.62,147614.072937332,93243.1687600793,0.612869564963214
0.62,147438.077380884,93240.0022231674,0.612594539658285
0.62,147262.297980798,93236.4813690855,0.612320355133933
0.62,147086.735307024,93232.6061077904,0.61204701394857
0.62,146911.734099798,93228.3850099848,0.611775053016592
0.62,146736.949870122,93223.8107168056,0.611503937190454
0.62,146562.383158643,93218.8831432417,0.611233668997814
0.62,146388.0345203,93213.6022187634,0.610964250965126
0.62,146214.24217193,93207.9791536127,0.610696205901132
0.62,146040.668123594,93202.0039672775,0.610429012714434
0.62,145867.312901222,93195.6765940267,0.610162673901144
0.62,145694.177045108,93188.9969826458,0.609897191956186
0.62,145521.59231832,93181.9789030823,0.609633075758829
0.62,145349.227160723,93174.6098325175,0.609369818098482
0.62,145177.082083818,93166.8897243019,0.609107421440026
0.62,145005.157613324,93158.8185463284,0.608845888246845
0.62,144833.779127474,93150.412548837,0.608585713644655
0.62,144662.621427735,93141.6567456411,0.608326404129138
0.62,144491.685011183,93132.5511089623,0.608067962133822
0.62,144320.970388964,93123.0956255866,0.607810390090439
0.62,144150.796623263,93113.3089470812,0.607554169547677
0.62,143980.844809088,93103.173702392,0.607298820532334
0.62,143811.115429235,93092.6898824049,0.607044345446692
0.62,143641.608980432,93081.8574925885,0.606790746690942
0.62,143472.638276933,93070.6975073015,0.606538492413091
0.62,143303.890639672,93059.1902486905,0.606287115995735
0.62,143135.366537384,93047.3357261014,0.606036619810126
0.62,142967.066452603,93035.1339634802,0.605787006225133
0.62,142799.297019935,93022.6081799291,0.605538730165501
0.62,142631.751718382,93009.736468378,0.605291338193119
0.62,142464.431002839,92996.5188564307,0.605044832648417
0.62,142297.335341865,92982.9553863048,0.60479921586916
0.62,142130.765257456,92969.071444191,0.604554929733221
0.62,141964.42032014,92954.8429709991,0.604311533806409
0.62,141798.300971192,92940.2700123894,0.604069030398545
0.62,141632.407665213,92925.352628629,0.6038274218162
0.62,141467.034879515,92910.1182959086,0.603587137068909
0.62,141301.888208989,92894.5408797831,0.603347748549268
0.62,141136.968081163,92878.6204437358,0.603109258536195
0.62,140972.274936973,92862.3570658831,0.602871669305389
0.62,140808.097275561,92845.7802357108,0.602635397175329
0.62,140644.146650147,92828.8618196808,0.602400027189108
0.62,140480.423474738,92811.6018988942,0.602165561594956
0.62,140316.928176832,92794.0005691126,0.60193200263792
0.62,140153.943343932,92776.089256925,0.601699754123575
0.62,139991.186421528,92757.8379054576,0.601468413568327
0.62,139828.657810397,92739.2466132336,0.601237983190037
0.62,139666.35792448,92720.3154934175,0.601008465202822
0.62,139504.563506119,92701.0778340301,0.600780251078242
0.62,139342.997827269,92681.5017301282,0.600552950628383
0.62,139181.661275564,92661.5872974388,0.600326566040755
0.62,139020.554251687,92641.3346663304,0.600101099498868
0.62,138859.947718119,92620.7789109826,0.599876930318316
0.62,138699.57070837,92599.8863532252,0.599653680429671
0.62,138539.423597159,92578.6571257862,0.599431351990303
0.62,138379.506772135,92557.0913760337,0.599209947153334
0.62,138220.085481472,92535.2258896033,0.598989833257626
0.62,138060.894455204,92513.0252893953,0.598770644174027
0.62,137901.93405529,92490.4897249292,0.59855238202989
0.62,137743.204656303,92467.6193603311,0.598335048947786
0.62,137584.965857016,92444.4526184551,0.598119000469008
0.62,137426.958019733,92420.9524971283,0.597903882226728
0.62,137269.181493674,92397.1191624308,0.59768969631821
0.62,137111.636640769,92372.9527950709,0.597476444835975
0.62,136954.577474639,92348.4933813475,0.597264471702837
0.62,136797.749926046,92323.7023673883,0.597053434136102
0.62,136641.154331633,92298.5799356217,0.59684333420307
0.62,136484.791040646,92273.1262830943,0.59663417396606
0.62,136328.908546073,92247.3828863847,0.596426285909696
0.62,136173.258283117,92221.3097127027,0.596219338656117
0.62,136017.840576136,92194.9069606339,0.596013334242955
0.62,135862.655761987,92168.1748433711,0.595808274702634
0.62,135707.946876464,92141.156255014,0.595604481261246
0.62,135553.470796199,92113.8097562259,0.59540163376698
0.62,135399.227833359,92086.1355615273,0.595199734227835
0.62,135245.218312507,92058.1339000329,0.594998784646369
0.62,135091.679875135,92029.8490110858,0.594799095169929
0.62,134938.3747771,92001.2381207446,0.59460035669419
0.62,134785.303318402,91972.3014592297,0.594402571197461
0.62,134632.465811346,91943.0392713384,0.59420574065239
0.62,134480.094566307,91913.4970700244,0.594010164308581
0.62,134327.95715559,91883.6308180022,0.593815543929039
0.62,134176.053867394,91853.4407610162,0.593621881462762
0.62,134024.385002117,91822.9271593704,0.593429178852861
0.62,133873.177601174,91792.1367284036,0.593237724631691
0.62,133722.204491509,91761.0242383331,0.593047231249848
0.62,133571.465949673,91729.5899502176,0.592857700627126
0.62,133420.96226413,91697.8341396153,0.592669134676976
0.62,133270.915269172,91665.8046535631,0.592481811395446
0.62,133121.102985205,91633.4551401593,0.592295453740931
0.62,132971.525677036,91600.7858755118,0.59211006360382
0.62,132822.18362168,91567.7971502878,0.591925642868422
0.62,132673.293507558,91534.5378730242,0.591742459175529
0.62,132524.638487487,91500.9606395032,0.591560245810858
0.62,132376.218815075,91467.0657407553,0.591379004635978
0.62,132228.034755665,91432.8534822611,0.591198737505698
0.62,132080.297913049,91398.3737644752,0.591019701887429
0.62,131932.796511923,91363.5782001702,0.590841641213522
0.62,131785.530794471,91328.4670950023,0.590664557316369
0.62,131638.50101491,91293.0407691403,0.590488452021858
0.62,131491.913752412,91257.3500457175,0.590313572805246
0.62,131345.562243735,91221.3456233494,0.590139673064846
0.62,131199.446720182,91185.0278221985,0.58996675460444
0.62,131053.567424624,91148.3969768208,0.589794819220652
0.62,130908.125972342,91111.5047645962,0.589624104579516
0.62,130762.920551993,91074.3010381271,0.589454373863365
0.62,130617.951384031,91036.7861318445,0.589285628847322
0.62,130473.218700394,90998.9603945423,0.589117871299154
0.62,130328.919211338,90960.8762895904,0.588951329257255
0.62,130184.855998987,90922.4828915211,0.588785775507226
0.62,130041.029272856,90883.7805487603,0.588621211795345
0.62,129897.439254235,90844.7696241639,0.588457639860766
0.62,129754.277807548,90805.5032995567,0.588295278297083
0.62,129611.352849496,90765.9299385968,0.588133909310996
0.62,129468.664579184,90726.0499035972,0.587973534620461
0.62,129326.213207044,90685.8635711666,0.587814155935699
0.62,129184.185810491,90645.4247746043,0.58765598258877
0.62,129042.395082646,90604.6812334443,0.587498806025276
0.62,128900.841212115,90563.633323612,0.587342627934668
0.62,128759.524398755,90522.2814352924,0.587187449998474
0.62,128618.626991294,90480.6799868026,0.587033472470783
0.62,128477.966401243,90438.7761196837,0.586880495853173
0.62,128337.542806927,90396.5702232841,0.586728521806753
0.62,128197.356398032,90354.0627012293,0.586577551984723
0.62,128057.584851143,90311.3084905299,0.586427777745691
0.62,127918.050240022,90268.2542207712,0.586279008465484
0.62,127778.752732692,90224.9002944636,0.586131245776764
0.62,127639.692508642,90181.2471284121,0.585984491304293
0.62,127501.042631144,90137.3501133603,0.585838927697023
0.62,127362.629777778,90093.1554316247,0.585694373019932
0.62,127224.454106723,90048.6634987654,0.585550828877642
0.62,127086.515787369,90003.8747445418,0.585408296866498
0.62,126948.983324973,89958.844948047,0.585266951108761
0.62,126811.687946035,89913.5199094355,0.585126618176337
0.62,126674.629798981,89867.9000570953,0.584987299645822
0.62,126537.8090432,89821.9858335139,0.584848997085174
0.62,126401.389683011,89775.8333419926,0.584711876275656
0.62,126265.20743714,89729.388064403,0.584575772111103
0.62,126129.262444416,89682.6504417586,0.584440686140159
0.62,125993.554854566,89635.620929129,0.584306619902653
0.62,125858.244226032,89588.3558899017,0.584173731023403
0.62,125723.170715087,89540.8005515276,0.584041862534316
0.62,125588.334450995,89492.9553674035,0.583911015956034
0.62,125453.735573855,89444.8208049363,0.583781192800215
0.62,125319.529252094,89396.4534244343,0.583652542721467
0.62,125185.560024161,89347.7982618848,0.583524916704311
0.62,125051.828009853,89298.8557828434,0.583398316241405
0.62,124918.333339912,89249.6264668932,0.583272742816419
0.62,124785.226847088,89200.1670082561,0.583148338299406
0.62,124652.357397919,89150.4223141747,0.583024961442389
0.62,124519.725102947,89100.3928621823,0.582902613710163
0.62,124387.330083769,89050.0791438589,0.582781296558523
0.62,124255.318891747,88999.5379250063,0.582661144259507
0.62,124123.544667464,88948.7140461731,0.582542023146628
0.62,123992.007512589,88897.6079967589,0.582423934657088
0.62,123860.707539434,88846.2202800299,0.582306880218596
0.62,123729.787072036,88794.6076716515,0.582190986692416
0.62,123599.103471549,88742.7150070503,0.582076127807137
0.62,123468.656830629,88690.5427871821,0.581962304972156
0.62,123338.447252688,88638.0915268874,0.581849519587363
0.62,123208.612887628,88585.4179503515,0.581737891290626
0.62,123079.015264161,88532.4669489283,0.581627301018678
0.62,122949.654466249,88479.2390349991,0.581517750153308
0.62,122820.530588554,88425.7347347806,0.581409240066631
0.62,122691.777659633,88372.0106601806,0.581301883361085
0.62,122563.261323365,88318.01181908,0.581195567994208
0.62,122434.981654997,88263.738735019,0.581090295320079
0.62,122306.938740587,88209.1919453927,0.580986066683073
0.62,122179.262539736,88154.4278895796,0.580882987838771
0.62,122051.822759384,88099.391752,0.580780953577466
0.62,121924.619466436,88044.0840672513,0.580679965225744
0.62,121797.652738381,87988.5053836623,0.580580024100184
0.62,121671.048517784,87932.7119083545,0.580481229298647
0.62,121544.68052317,87876.6490618553,0.580383482255673
0.62,121418.548813076,87820.3173895524,0.580286784270248
0.62,121292.653456571,87763.7174505103,0.580191136631189
0.62,121167.116430534,87706.9051603367,0.580096631968281
0.62,121041.815413996,87649.8262346953,0.580003178171151
0.62,120916.750457381,87592.4812296183,0.579910776511293
0.62,120791.921621593,87534.8707147605,0.579819428249866
0.62,120667.446968825,87477.0502555294,0.57972921973892
0.62,120543.208087876,87418.9659211902,0.579640065133291
0.62,120419.205021148,87360.6182782022,0.579551965676951
0.62,120295.437821468,87302.007906591,0.579464922603374
0.62,120172.020686986,87243.1899634473,0.57937901617793
0.62,120048.839065997,87184.1109295887,0.579294166630135
0.62,119925.892992964,87124.7713816825,0.57921037517641
0.62,119803.182512888,87065.1719099838,0.579127643022631
0.62,119680.818009793,87005.3672055404,0.579046044538996
0.62,119558.688741753,86945.3042182103,0.578965505838587
0.62,119436.79473565,86884.9835347829,0.578886028110421
0.62,119315.136028529,86824.4057554193,0.57880761253259
0.62,119193.81923932,86763.6250476938,0.578730327772064
0.62,119072.737387366,86702.5888878583,0.578654105634154
0.62,118951.890491783,86641.2978724741,0.578578947280254
0.62,118831.278582124,86579.7526115761,0.578504853860879
0.62,118711.00456219,86518.0066930485,0.578431888533303
0.62,118590.965162707,86456.0081754766,0.578359988601807
0.62,118471.160395427,86393.7576651388,0.578289155200318
0.62,118351.590282338,86331.2557816457,0.578219389451626
0.62,118232.354060025,86268.5554766744,0.578150749196581
0.62,118113.352123083,86205.6054475426,0.578083177045652
0.62,117994.584475986,86142.406310031,0.578016674105242
0.62,117876.051133237,86078.9586931074,0.577951241470369
0.62,117757.847712578,86015.3148566974,0.57788693186005
0.62,117639.878224492,85951.4241922891,0.577823692996796
0.62,117522.142666153,85887.2873248934,0.577761525959371
0.62,117404.641044874,85822.9048927301,0.577700431815085
0.62,117287.465407518,85758.3284089727,0.577640458356504
0.62,117170.523332667,85693.5080140682,0.5775815582231
0.62,117053.814810482,85628.4443421555,0.577523732466048
0.62,116937.339841066,85563.1380404329,0.577466982124834
0.62,116821.18694725,85497.6398204573,0.577411350261429
0.62,116705.267229248,85431.9006264028,0.577356794236818
0.62,116589.580670133,85365.9211012342,0.577303315074444
0.62,116474.127263188,85299.7019010856,0.577250913786054
0.62,116358.992053986,85233.292881737,0.57719962889992
0.62,116244.089617716,85166.6458450167,0.577149422301895
0.62,116129.419930698,85099.7614426462,0.577100294987738
0.62,116014.98297927,85032.6403393641,0.577052247941283
0.62,115900.860378691,84965.3314818752,0.577005315355134
0.62,115786.970132493,84897.7875828481,0.576959463442309
0.62,115673.312210427,84830.0093026077,0.576914693170842
0.62,115559.886592066,84761.9973143404,0.57687100549662
0.62,115446.771507641,84693.799602169,0.576828430474996
0.62,115333.888344056,84625.3698430004,0.576786938448053
0.62,115221.237064413,84556.7087054597,0.576746530355949
0.62,115108.817641751,84487.8168710569,0.576707207126603
0.62,114996.704966746,84418.7413086821,0.576668994877735
0.62,114884.823764306,84349.4367119074,0.576631867881086
0.62,114773.173991211,84279.9037575967,0.576595827048941
0.62,114661.755614141,84210.1431354324,0.576560873281182
0.62,114550.640229214,84140.2007468929,0.576527028958465
0.62,114439.755854643,84070.0323542978,0.576494272081889
0.62,114329.102440866,83999.6386424767,0.576462603535722
0.62,114218.679948176,83929.0203090093,0.576432024191682
0.62,114108.556723248,83858.2221366285,0.576402552895077
0.62,113998.664032784,83787.2010076437,0.576374171174884
0.62,113889.001821144,83715.9576147633,0.576346879887311
0.62,113779.570042364,83644.4926632823,0.576320679875816
0.62,113670.433837239,83572.8497656327,0.576295586652787
0.62,113561.527677638,83500.9869755495,0.576271585072869
0.62,113452.851501817,83428.9049933452,0.576248675964066
0.62,113344.405257822,83356.6045319446,0.576226860141512
0.62,113236.250924511,83284.1279829262,0.576206149988376
0.62,113128.326135211,83211.4346218914,0.576186533481445
0.62,113020.630822245,83138.5251566099,0.576168011420421
0.62,112913.164927548,83065.4003072954,0.576150584591956
0.62,112805.987311472,82992.1011945559,0.576134262454759
0.62,112699.038725699,82918.5883659322,0.576119035903183
0.62,112592.319096689,82844.8625364392,0.576104905708503
0.62,112485.828360624,82770.9244335626,0.576091872628812
0.62,112379.622302049,82696.8138570939,0.576079943404185
0.62,112273.644748338,82622.4926761248,0.576069111640824
0.62,112167.89562035,82547.961612837,0.576059378081469
0.62,112062.374848486,82473.2214017116,0.576050743455504
0.62,111957.135183837,82398.3104724019,0.576043211991385
0.62,111852.123487482,82323.1920648708,0.576036779800288
0.62,111747.339674603,82247.8669081571,0.576031447596262
0.62,111642.783670037,82172.3357436262,0.576027216079854
0.62,111538.505233797,82096.6355822701,0.576024087176134
0.62,111434.45421846,82020.7310833187,0.576022059293106
0.62,111330.630533736,81944.6229825581,0.576021133115991
0.62,111227.034098962,81868.3120280278,0.576021309316347
0.62,111123.711724471,81791.8337635948,0.576022587725288
0.62,111020.616213155,81715.1543161279,0.576024968838296
0.62,110917.747469324,81638.2744279507,0.576028453311611
0.62,110815.105407015,81561.1948536695,0.576033041787643
0.62,110712.733928132,81483.9496222251,0.576038732214256
0.62,110610.588744844,81406.5063758401,0.576045526963756
0.62,110508.669756168,81328.8658632004,0.576053426663237
0.62,110406.97687082,81251.0288452007,0.576062431925801
0.62,110305.551123374,81173.0277887248,0.576072539028041
0.62,110204.351094378,81094.8318983973,0.576083752007138
0.62,110103.376677759,81016.4419291614,0.57609607146086
0.62,110002.627777113,80937.8586480952,0.576109497972821
0.62,109902.142599917,80859.1129130091,0.576124026361684
0.62,109801.882555023,80780.1755378325,0.576139662116176
0.62,109701.847531372,80701.047283593,0.576156405804551
0.62,109602.037427412,80621.7289232728,0.576174257980764
0.62,109502.487663544,80542.2496591901,0.576193212220272
0.62,109403.162437236,80462.5819610284,0.576213275248593
0.62,109304.061632418,80382.7265956209,0.5762344476043
0.62,109205.185142629,80302.6843417855,0.576256729811478
0.62,109106.565640993,80222.4827005341,0.576280114418459
0.62,109008.170073857,80142.0958429426,0.576304609171451
0.62,108909.998320376,80061.5245415838,0.576330214579117
0.62,108812.050269286,79980.7695809396,0.576356931135461
0.62,108714.355885621,79899.8567151838,0.576384750579273
0.62,108616.884825652,79818.7618622856,0.576413681459798
0.62,108519.636963775,79737.4858003138,0.576443724255599
0.62,108422.61218394,79656.0293191703,0.576474879430406
0.62,108325.837782159,79574.4163813362,0.576507138132463
0.62,108229.28608579,79492.6246965018,0.57654050949496
0.62,108132.956964657,79410.6550481337,0.576574993966108
0.62,108036.850297985,79328.5082313441,0.576610591979164
0.62,107940.99075111,79246.206372239,0.576647294312448
0.62,107845.35328427,79163.7290168163,0.576685110462379
0.62,107749.937762818,79081.0769537704,0.576724040846582
0.62,107654.744061482,78998.2509833628,0.576764085867558
0.62,107559.794253167,78915.2713513234,0.576805236155803
0.62,107465.065892882,78832.1194838675,0.576847501348746
0.62,107370.558841565,78748.7961747102,0.576890881833197
0.62,107276.272969502,78665.3022290551,0.576935377980676
0.62,107182.227795095,78581.6559687575,0.576980980497519
0.62,107088.403430417,78497.8407437336,0.577027698938328
0.62,106994.799732042,78413.8573525122,0.577075533658863
0.62,106901.416566002,78329.7066051442,0.577124484999367
0.62,106808.270933723,78245.4048565417,0.577174543967323
0.62,106715.345466899,78160.9374232671,0.577225719809057
0.62,106622.640018008,78076.305108645,0.57727801284893
0.62,106530.154448707,77991.5087272154,0.577331423395752
0.62,106437.903280184,77906.5626239268,0.577385942985396
0.62,106345.87162736,77821.4541251131,0.577441580328383
0.62,106254.059338458,77736.1840384986,0.577498335717543
0.62,106162.466271108,77650.7531831705,0.577556209429839
0.62,106071.104503368,77565.1738522076,0.577615193758077
0.62,105979.961596354,77479.4354235067,0.577675296648233
0.62,105889.037394213,77393.5387090987,0.577736518361276
0.62,105798.331750476,77307.4845322974,0.577798859142136
0.62,105707.854336196,77221.2830922626,0.577862312271258
0.62,105617.595122725,77134.9258604632,0.577926884699123
0.62,105527.553950349,77048.413653185,0.577992576654466
0.62,105437.73066859,76961.7472977989,0.57805938834989
0.62,105348.132578037,76874.9348586649,0.57812731428545
0.62,105258.752023897,76787.9699416732,0.578196360183866
0.62,105169.588842638,76700.8533671584,0.578266526241355
0.62,105080.642879829,76613.5859663416,0.578337812637925
0.62,104991.919100823,76526.1736274035,0.578410215327787
0.62,104903.41218969,76438.6121320799,0.578483738570996
0.62,104815.121979013,76350.9023044308,0.578558382531066
0.62,104727.048310694,76263.044979555,0.578634147354938
0.62,104639.193850388,76175.0438291343,0.57871103068693
0.62,104551.555585486,76086.8968508861,0.578789035088268
0.62,104464.133345009,75998.6048726644,0.578868160689242
0.62,104376.926967042,75910.1687330431,0.578948407603598
0.62,104289.936853101,75821.5898476839,0.579029775403301
0.62,104203.162258648,75732.8684699409,0.579112264712705
0.62,104116.603008991,75644.0054310588,0.579195875628748
0.62,104030.258938721,75555.0015731564,0.579280608231435
0.62,103944.128219595,75465.8560159262,0.579366464260661
0.62,103858.212340718,75376.5713080871,0.579453442163431
0.62,103772.511124007,75287.1482843465,0.579541542002764
0.62,103687.024400523,75197.5877900835,0.579630763824681
0.62,103601.748146427,75107.8866095887,0.579721111779283
0.62,103516.686050572,75018.0496264783,0.579812581893432
0.62,103431.837931371,74928.0776785566,0.579905174196067
0.62,103347.203616479,74837.9716143363,0.579998888698829
0.62,103262.776921242,74747.7258446888,0.580093732205363
0.62,103178.563699581,74657.3476260904,0.580189698078639
0.62,103094.563766679,74566.8377994789,0.580286786312943
0.62,103010.776946716,74476.1972161729,0.580384996885335
0.62,102927.194927575,74385.4178748468,0.580484339499673
0.62,102843.825695152,74294.5094437225,0.580584804607787
0.62,102760.669061251,74203.4727664618,0.580686392169188
0.62,102677.724846882,74112.3086972666,0.580789102125721
0.62,102594.982646381,74021.0067851851,0.580892947329289
0.62,102512.452543689,73929.5791474432,0.580997915072417
0.62,102430.134347538,73838.0266305062,0.581104005279187
0.62,102348.027875625,73746.3500910492,0.58121121785611
0.62,102266.12066193,73654.5365910344,0.58131956905366
0.62,102184.424855534,73562.6007343076,0.581429042753828
0.62,102102.940261988,73470.543369768,0.581539638845103
0.62,102021.666695902,73378.3653565615,0.581651357198079
0.62,101940.589663664,73286.0512323605,0.581764217714778
0.62,101859.723346758,73193.6181247072,0.58187820061328
0.62,101779.067547739,73101.0668848929,0.581993305745924
0.62,101698.622078207,73008.3983743695,0.582109532946976
0.62,101618.370449953,72915.5945703203,0.582226906024562
0.62,101538.328844035,72822.6751602249,0.582345401277652
0.62,101458.497060016,72729.6409975188,0.582465018522123
0.62,101378.874906491,72636.492945712,0.582585757555593
0.62,101299.443933013,72543.2103853155,0.582707646349674
0.62,101220.222288024,72449.815599972,0.58283065702619
0.62,101141.209768238,72356.3094451801,0.58295478936402
0.62,101062.406179285,72262.6927863003,0.583080043123768
0.62,100983.791140626,72168.9423714649,0.583206450700211
0.62,100905.384736033,72075.0831161491,0.583333979777763
0.62,100827.186759445,71981.1158777501,0.583462630097861
0.62,100749.197013705,71887.0415234397,0.583592401383489
0.62,100671.393219774,71792.834133325,0.583723330715198
0.62,100593.797365325,71698.5212904093,0.58385538107666
0.62,100516.409241457,71604.1038536555,0.583988552171653
0.62,100439.22864826,71509.5826918393,0.584122843685148
0.62,100362.231440527,71414.9291830243,0.584258297646857
0.62,100285.441477623,71320.1736117722,0.584394872075608
0.62,100208.858547982,71225.3168385729,0.584532566636891
0.62,100132.482449014,71130.3597336417,0.584671380977202
0.62,100056.28719997,71035.2709376116,0.584811362343843
0.62,99980.2985013397,70940.0834719155,0.584952463521783
0.62,99904.5161390267,70844.7981984912,0.585094684137629
0.62,99828.9399077989,70749.4159887862,0.585238023798994
0.62,99753.5420229888,70653.9027125574,0.585382535239557
0.62,99678.3499947416,70558.2941616135,0.58552816574081
0.62,99603.3636063965,70462.5911990477,0.585674914890185
0.62,99528.5826502481,70366.794697503,0.585822782255738
0.62,99453.9775685605,70270.8677221572,0.585971826329894
0.62,99379.5776503723,70174.8488688725,0.586121988617575
0.62,99305.38267656,70078.7390017764,0.586273268666486
0.62,99231.3924369443,69982.538994457,0.586425666004766
0.62,99157.5756310954,69886.2090738909,0.586579245159142
0.62,99083.9632967267,69789.7906736786,0.586733941581537
0.62,99010.5552123178,69693.2846588165,0.586889754779427
0.62,98937.351165282,69596.6919036738,0.587046684240535
0.62,98864.3181431678,69499.9697644827,0.587204800803101
0.62,98791.4889018087,69403.1625451482,0.587364033587978
0.62,98718.8632173522,69306.2711113718,0.587524382061906
0.62,98646.4408748696,69209.2963381383,0.587685845671678
0.62,98574.187180012,69112.1926783603,0.587848501847721
0.62,98502.1365767589,69015.0073388915,0.588012273098194
0.62,98430.2888389257,68917.741185887,0.588177158848727
0.62,98358.6437493373,68820.3950948261,0.588343158504594
0.62,98287.1649617348,68722.9205832174,0.588510356371741
0.62,98215.8885783097,68625.3677928886,0.588678668061532
0.62,98144.814370736,68527.7375904576,0.588848092957664
0.62,98073.9421195914,68430.0308516464,0.589018630423509
0.62,98003.2338567884,68332.1961272815,0.589190371926019
0.62,97932.7273127954,68234.2865255175,0.589363225893244
0.62,97862.4222571112,68136.3029131395,0.589537191666635
0.62,97792.3184682236,68038.2461660783,0.589712268566897
0.62,97722.3763852402,67940.0618363994,0.589888555512491
0.62,97652.6353380004,67841.8060306951,0.590065953456683
0.62,97583.0950938888,67743.4796157527,0.590244461698135
0.62,97513.7554292699,67645.0834674161,0.590424079514563
0.62,97444.5752203775,67546.5601088266,0.590604913566707
0.62,97375.5953666035,67447.9686752134,0.590786857041258
0.62,97306.8156333409,67349.310033289,0.590969909193373
0.62,97238.2357949526,67250.5850587324,0.591154069257067
0.62,97169.8131938039,67151.7332149432,0.591339451931006
0.62,97101.5902699482,67052.8166966434,0.591525942338606
0.62,97033.5667867834,66953.8363702175,0.591713539691118
0.62,96965.7425166691,66854.7931109269,0.591902243178449
0.62,96898.0732967756,66755.6232917485,0.592092175836439
0.62,96830.6030792612,66656.3921976171,0.59228321442492
0.62,96763.3316256774,66557.1006945567,0.592475358110408
0.62,96696.2587064392,66457.7496572453,0.592668606038136
0.62,96629.3386828054,66358.2723390734,0.592863089881318
0.62,96562.6169898655,66258.7371443964,0.593058677734865
0.62,96496.0933873212,66159.1449386243,0.593255368720141
0.62,96429.7676437303,66059.4965957307,0.593453161937034
0.62,96363.5926727003,65959.7222194536,0.593652198002014
0.62,96297.6153641369,65859.893363724,0.593852336037965
0.62,96231.8354759179,65760.010893128,0.594053575120595
0.62,96166.2527747717,65660.0756807245,0.594255914303947
0.62,96100.8187554274,65560.0146518981,0.594459503454921
0.62,96035.5817339162,65459.9025388604,0.594664192416091
0.62,95970.5414664061,65359.7402052969,0.594869980216734
0.62,95905.6977179096,65259.5285232751,0.595076865864267
0.62,95841.0005926311,65159.1912110829,0.595285008787301
0.62,95776.4998044281,65058.8062079171,0.595494249235778
0.62,95712.1951078129,64958.3743763969,0.59570458619193
0.62,95648.0862661359,64857.8965874326,0.595916018615934
0.62,95584.1220209001,64757.2933232167,0.596128715814078
0.62,95520.3534561679,64656.6457591157,0.596342508126183
0.62,95456.7803247629,64555.9547563832,0.596557394487099
0.62,95393.4023883422,64455.2211844725,0.59677337380943
0.62,95330.1670541298,64354.3622619752,0.596990625594156
0.62,95267.1267481106,64253.4624280334,0.597208969952561
0.62,95204.2812215296,64152.5225424579,0.597428405771304
0.62,95141.630234461,64051.5434731678,0.597648931914608
0.62,95079.1198874409,63950.4391468807,0.597870738401035
0.62,95016.803920816,63849.2972947112,0.598093634789404
0.62,94954.6820843323,63748.1187749057,0.59831761991745
0.62,94892.7541365605,63646.9044537275,0.598542692600283
0.62,94830.9648993384,63545.564938912,0.598769053698733
0.62,94769.3693994982,63444.191280715,0.598996501893092
0.62,94707.9673852828,63342.7843355626,0.599225035971732
0.62,94646.7586138376,63241.3449679407,0.599454654699904
0.62,94585.6866556322,63139.7804389269,0.599685570111049
0.62,94524.8077967988,63038.1851457011,0.599917569675096
0.62,94464.1217841279,62936.5599427023,0.600150652130408
0.62,94403.6283733085,62834.9056923378,0.600384816192038
0.62,94343.2699111182,62733.1262824114,0.600620285398453
0.62,94283.1039154025,62631.3194836638,0.600856835675461
0.62,94223.1301316564,62529.4861485595,0.601094465710353
0.62,94163.348314189,62427.6271373049,0.601333174167226
0.62,94103.6996135792,62325.6429379927,0.601573196426079
0.62,94044.2427520348,62223.6347214753,0.6018142965305
0.62,93984.9774736708,62121.6033378505,0.602056473116566
0.62,93925.9035314927,62019.549645002,0.602299724796657
0.62,93866.9609069318,61917.3707045713,0.602544299134128
0.62,93808.209499627,61815.1711143327,0.602789947947013
0.62,93749.6490524403,61712.9517219854,0.603036669819192
0.62,93691.279317044,61610.7133827875,0.603284463310983
0.62,93633.0391332664,61508.3497064774,0.603533588512518
0.62,93574.9895507758,61405.9687433221,0.603783784671174
0.62,93517.130311203,61303.5713384098,0.604035050318071
0.62,93459.4611649871,61201.1583442952,0.604287383960582
0.62,93401.9198373223,61098.6198927754,0.604541058565163
0.62,93344.5685010326,60996.0675126798,0.604795800457498
0.62,93287.4068965646,60893.5020463172,0.60505160811527
0.62,93230.4347731719,60790.9243433715,0.605308479992227
0.62,93173.5887682053,60688.2210317201,0.605566702285407
0.62,93116.9321510023,60585.5071448571,0.605825988042798
0.62,93060.4646608216,60482.7835220538,0.606086335688192
0.62,93004.186045803,60380.0510100001,0.606347743620923
0.62,92948.0318830071,60277.1927084225,0.606610511623332
0.62,92892.0665108018,60174.3271797031,0.606874339109514
0.62,92836.2896674279,60071.4552601328,0.607139224448105
0.62,92780.7010998588,59968.5777930587,0.607405165983803
0.62,92725.2353511709,59865.5743238921,0.607672477448846
0.62,92669.95780266,59762.5669702874,0.607940844256792
0.62,92614.8681914709,59659.5565651611,0.608210264721011
0.62,92559.9662635554,59556.5439485294,0.608480737130413
0.62,92505.1855553543,59453.4050875599,0.608752589530994
0.62,92450.5924637693,59350.2656790154,0.609025492970598
0.62,92396.1867250153,59247.1265524945,0.609299445706048
0.62,92341.9680840425,59143.9885444687,0.609574445969883
0.62,92287.8690971986,59040.7240187156,0.609850836493988
0.62,92233.9571506282,58937.4622764337,0.61012827358633
0.62,92180.2319795407,58834.2041435092,0.610406755447077
0.62,92126.6933279531,58730.9504527448,0.610686280251585
0.62,92073.2727989951,58627.5699402602,0.610967205792615
0.62,92020.0387413113,58524.1955360516,0.611249173261418
0.62,91966.9908891967,58420.8280622138,0.611532180800565
0.62,91914.1289857559,58317.4683476664,0.611816226527651
0.62,91861.3837076104,58213.9814765103,0.612101683676797
0.62,91808.8243393296,58110.5040319974,0.612388177940161
0.62,91756.4506143376,58007.0368322615,0.612675707402013
0.62,91704.2622748703,57903.5807021697,0.61296427012148
0.62,91652.1890980981,57799.99705032,0.613254255157432
0.62,91600.301277593,57696.4261368047,0.613545272317599
0.62,91548.5985459738,57592.8687756717,0.613837319627115
0.62,91497.0806446061,57489.3257874753,0.614130395086192
0.62,91445.6764774852,57385.6548804283,0.614424903971155
0.62,91394.4571210537,57282.00001645,0.614720439810638
0.62,91343.4223071672,57178.3620053323,0.615017000569928
0.62,91292.5717764315,57074.7416632823,0.615314584189236
0.62,91241.8335869944,56970.9929754758,0.615613612554221
0.62,91191.2796709798,56867.2636284178,0.615913662520485
0.62,91140.9097594557,56763.5544273385,0.616214731993149
0.62,91090.7235923105,56659.8661839277,0.616516818851711
0.62,91040.6484082681,56556.0491359194,0.616820361993617
0.62,90990.7569688379,56452.2547188752,0.617124921197065
0.62,90941.0490044086,56348.4837334284,0.617430494305906
0.62,90891.5242541925,56244.7369865804,0.617737079138216
0.62,90842.1091642684,56140.8609449707,0.618045132009196
0.62,90792.8772989031,56037.0108169854,0.618354195211556
0.62,90743.8283878251,55933.1873984448,0.618664266527295
0.62,90694.9621695914,55829.3914914464,0.618975343712491
0.62,90646.2043247428,55725.4657685697,0.619287900909756
0.62,90597.6291933909,55621.5692341988,0.619601462514216
0.62,90549.2365046245,55517.702679125,0.619916026245441
0.62,90501.0259963661,55413.8669003261,0.620231589796943
0.62,90452.9226105748,55309.9007529933,0.620548645555274
0.62,90405.0014364287,55205.9670610042,0.620866699599093
0.62,90357.2622024187,55102.0666099501,0.621185749584838
0.62,90309.7046458747,54998.2001915176,0.621505793142749
0.62,90262.2529971086,54894.2028200303,0.621827341326222
0.62,90214.9830675512,54790.2411623755,0.622149881472562
0.62,90167.8945851977,54686.3159989072,0.622473411173952
0.62,90120.9872868279,54582.42811585,0.622797927996661
0.62,90074.1847181011,54478.4086631503,0.623123962089938
0.62,90027.5633858521,54374.4281743007,0.623450981618559
0.62,89981.1230176005,54270.4874242009,0.623778984109877
0.62,89934.8633496571,54166.5871935311,0.62410796706521
0.62,89888.7072702434,54062.5547446237,0.624438480163931
0.62,89842.7319545744,53958.5645009935,0.624769971961513
0.62,89796.9371296549,53854.617231735,0.625102439920345
0.62,89751.3225314068,53750.7137119013,0.625435881475808
0.62,89705.8104179438,53646.6772929663,0.625770866277869
0.62,89660.4786056874,53542.6863118064,0.626106822829964
0.62,89615.3268212475,53438.7415317173,0.626443748528248
0.62,89570.3548000996,53334.8437217297,0.626781640742183
0.62,89525.4841977926,53230.8122993766,0.627121089538547
0.62,89480.7934446507,53126.8295382563,0.627461502919629
0.62,89436.28226689,53022.896195604,0.627802878214943
0.62,89391.9503996008,52919.0130343001,0.628145212727202
0.62,89347.7189231653,52814.99551412,0.628489117394989
0.62,89303.6668545617,52711.0298692614,0.628833979262239
0.62,89259.7939196915,52607.1168508151,0.629179795590841
0.62,89216.0998533385,52503.2572154277,0.629526563615783
0.62,89172.5051885881,52399.2624419389,0.629874915606831
0.62,89129.0895013933,52295.3227484776,0.630224217187614
0.62,89085.8525173251,52191.438879684,0.630574465552155
0.62,89042.7939709014,52087.6115857977,0.630925657867032
0.62,88999.8338757144,51983.6483408485,0.631278448201491
0.62,88957.0523390704,51879.7433708869,0.631632180288102
0.62,88914.4490863061,51775.8974140619,0.631986851251898
0.62,88872.0238517136,51672.1112140328,0.632342458190371
0.62,88829.696157676,51568.1882166882,0.632699677445394
0.62,88787.5466147553,51464.3266794521,0.633057830382807
0.62,88745.5749481292,51360.5273338967,0.63341691405767
0.62,88703.7808918332,51256.7909167513,0.633776925498332
0.62,88662.0835050604,51152.9168210761,0.634138563803917
0.62,88620.5638738966,51049.1073607043,0.634501127485595
0.62,88579.2217233117,50945.3632602369,0.634864613528549
0.62,88538.0567871978,50841.6852494758,0.63522901889072
0.62,88496.9876903651,50737.868645128,0.635595065916019
0.62,88456.095965815,50634.1198410927,0.635962029770767
0.62,88415.3813383683,50530.4395548699,0.636329907369464
0.62,88374.8435417802,50426.8285090724,0.636698695599304
0.62,88334.4007952037,50323.0779194489,0.637069140547332
0.62,88294.1350500241,50219.3982846656,0.637440493534154
0.62,88254.0460310063,50115.7903150788,0.637812751402472
0.62,88214.1334718609,50012.2547260696,0.638185910967625
0.62,88174.3152153236,49908.5786081566,0.638560742564117
0.62,88134.6736021406,49804.9765891902,0.638936473159765
0.62,88095.2083570273,49701.4493721202,0.639313099525148
0.62,88055.9192136571,49597.9976648341,0.639690618403435
0.62,88016.7236673722,49494.4044066845,0.64006982489425
0.62,87977.7044195547,49390.8883809712,0.640449921091555
0.62,87938.8611949116,49287.4502830626,0.640830903693177
0.62,87900.1937270727,49184.0908130476,0.641212769369979
0.62,87861.6191940187,49080.5887346226,0.641596338506549
0.62,87823.220627986,48977.1670112299,0.641980787800123
0.62,87784.9977537314,48873.8263305247,0.642366113875004
0.62,87746.950304949,48770.5673847965,0.642752313328505
0.62,87708.9951720598,48667.1647356601,0.643140232364724
0.62,87671.2156886002,48563.8455532942,0.643529021746716
0.62,87633.6115793866,48460.6105173783,0.643918678024978
0.62,87596.1825781886,48357.4603121409,0.644309197723009
0.62,87558.8453185725,48254.1652716835,0.644701453402981
0.62,87521.6834049563,48150.9567986141,0.645094569351891
0.62,87484.6965622592,48047.8355644616,0.645488542045849
0.62,87447.8845244163,47944.8022453471,0.645883367933471
0.62,87411.1636987681,47841.6229206303,0.646279946488225
0.62,87374.6179302539,47738.5332527619,0.646677374964793
0.62,87338.246943924,47635.5339049012,0.647075649764494
0.62,87302.0504739068,47532.6255448431,0.647474767260662
0.62,87265.9447327397,47429.5699704506,0.647875654397516
0.62,87230.0137747388,47326.6071309647,0.648277380834861
0.62,87194.2573251756,47223.7376811275,0.648679942898173
0.62,87158.6751184152,47120.9622802315,0.649083336884953
0.62,87123.1832037043,47018.038416244,0.649488517784216
0.62,87087.8658135174,46915.2103537985,0.649894527083689
0.62,87052.7226734197,46812.4787391286,0.650301361032125
0.62,87017.753517999,46709.8442226774,0.650709015851337
0.62,86982.874265525,46607.0599543495,0.651118475156673
0.62,86948.169294694,46504.3745427632,0.651528751678164
0.62,86913.6383313364,46401.7886252527,0.651939841588158
0.62,86879.2811103675,46299.3028434061,0.652351741031602
0.62,86845.0134517838,46196.6659798006,0.652765462844621
0.62,86810.9198481159,46094.1310165253,0.653179990401791
0.62,86777.0000255204,45991.698581881,0.653595319798389
0.62,86743.2537192577,45889.3693083389,0.654011447102341
0.62,86709.5966845033,45786.8875816771,0.654429414974567
0.62,86676.1134945004,45684.5107871591,0.65484817682679
0.62,86642.803875806,45582.2395439594,0.655267728676385
0.62,86609.6675641009,45480.0744753392,0.65568806651345
0.62,86576.620283484,45377.7555390403,0.656110263443841
0.62,86543.7466545137,45275.5445549825,0.656533242292833
0.62,86511.0464041943,45173.4421330354,0.656956998999438
0.62,86478.5192686343,45071.4488869467,0.657381529475995
0.62,86446.0809754745,44969.3003149914,0.657807937903431
0.62,86413.8161583725,44867.2627035576,0.658235115886387
0.62,86381.7245448012,44765.3366529475,0.658663059285419
0.62,86349.8058713995,44663.5227673854,0.659091763933984
0.62,86317.9759047238,44561.5520535167,0.659522365730607
0.62,86286.3192565074,44459.6952965432,0.6599537244135
0.62,86254.8356547674,44357.9530871048,0.660385835763995
0.62,86223.5248367086,44256.3260196812,0.660818695536439
0.62,86192.3026434826,44154.5405747115,0.661253472009299
0.62,86161.2536296698,44052.8720712377,0.661688992387631
0.62,86130.3775238427,43951.3210899329,0.662125252373677
0.62,86099.6740637859,43849.8882152293,0.662562247642828
0.62,86069.059202291,43748.295367555,0.663001179522442
0.62,86038.6174001644,43646.8224339312,0.663440842011502
0.62,86008.3483866243,43545.469985009,0.663881230732266
0.62,85978.2519001248,43444.2385951179,0.664322341280283
0.62,85948.2440425723,43342.8455883544,0.664765408721664
0.62,85918.4091439338,43241.5754562661,0.665209193155949
0.62,85888.746934137,43140.4287593424,0.665653690124888
0.62,85859.2571523346,43039.4060615481,0.666098895144223
0.62,85829.8560879494,42938.2200531434,0.6665460777243
0.62,85800.627902211,42837.1598681961,0.666993963355061
0.62,85771.5723257508,42736.2260566484,0.667442547498334
0.62,85742.6890985226,42635.4191720836,0.66789182558904
0.62,85713.8947370048,42534.4472326877,0.668343102301163
0.62,85685.2731946008,42433.6040535442,0.668795067791943
0.62,85656.824202772,42332.8901741112,0.669247717441917
0.62,85628.5475022591,42232.3061371646,0.669701046606003
0.62,85600.3598770002,42131.5552485936,0.670156395861071
0.62,85572.3450327257,42030.936045281,0.670612419287349
0.62,85544.5027017369,41930.449055856,0.671069112184555
0.62,85516.8326256437,41830.0948121878,0.671526469827012
0.62,85489.2518975255,41729.5718667774,0.671985869448931
0.62,85461.8439342885,41629.1835198111,0.672445928294616
0.62,85434.6084691225,41528.9302888663,0.67290664158293
0.62,85407.5452445888,41428.8126948045,0.673368004507031
0.62,85380.5717051729,41328.5244918745,0.673831431741855
0.62,85353.7709372331,41228.3737887863,0.674295502908226
0.62,85327.14267492,41128.3610919237,0.674760213143784
0.62,85300.6866618177,41028.4869109961,0.675225557560162
0.62,85274.3207382016,40928.4401586221,0.675692989061603
0.62,85248.1276160566,40828.5337957828,0.676161048852546
0.62,85222.1070305776,40728.7683175634,0.676629731988881
0.62,85196.2587264236,40629.1442222975,0.677099033500767
0.62,85170.5009844173,40529.3455321339,0.677570445348179
0.62,85144.916098044,40429.6901096835,0.678042469487787
0.62,85119.5038036062,40330.1784385473,0.678515100893611
0.62,85094.2638468727,40230.8110053796,0.678988334514794
0.62,85069.1149960746,40131.2668936397,0.679463702203479
0.62,85044.1390799981,40031.8689163612,0.679939665826827
0.62,85019.3358361099,39932.6175454352,0.680416220277088
0.62,84994.7050113767,39833.5132557306,0.680893360421961
0.62,84970.1659095104,39734.2301405164,0.681372658871011
0.62,84945.7998471916,39635.0960152299,0.681852536531764
0.62,84921.6065631198,39536.1113398652,0.682332988214651
0.62,84897.5858055299,39437.276577319,0.682814008705903
0.62,84873.6574631326,39338.2607761926,0.683297212265915
0.62,84849.9022916971,39239.3968093509,0.683780977943976
0.62,84826.3200312271,39140.6851247031,0.684265300468697
0.62,84802.910431298,39042.1261729862,0.684750174544858
0.62,84779.594017115,38943.3839022592,0.685237256998153
0.62,84756.4509327757,38844.7962992202,0.685724884099999
0.62,84733.4809196709,38746.3637995423,0.68621305049703
0.62,84710.6837288008,38648.0868416527,0.686701750812442
0.62,84687.9805748698,38549.6242131939,0.687192685386176
0.62,84665.4509380954,38451.3190752112,0.687684146757137
0.62,84643.0945613139,38353.1718508737,0.688176129490437
0.62,84620.9111970104,38255.1829660315,0.688668628128174
0.62,84598.8228046814,38157.0059866374,0.689163387495814
0.62,84576.9081461952,38058.9893099841,0.689658655422785
0.62,84555.1669659308,37961.1333466217,0.690154426392417
0.62,84533.5990179566,37863.4385097082,0.690650694865469
0.62,84512.1270636456,37765.5530779061,0.691149251161882
0.62,84490.8290902941,37667.8307509792,0.691648297386998
0.62,84469.7048438978,37570.2719266266,0.692147827942714
0.62,84448.7540801842,37472.877005083,0.692647837208838
0.62,84427.9004217862,37375.2889091525,0.69315016204047
0.62,84407.2210229853,37277.8667104461,0.69365295777155
0.62,84386.7156314559,37180.6107935036,0.69415621872334
0.62,84366.3840046727,37083.521545442,0.69465993919493
0.62,84346.1506883568,36986.2364614294,0.695166003651033
0.62,84326.0919428867,36889.1200573179,0.695672519574064
0.62,84306.2075177537,36792.1727045169,0.696179481203741
0.62,84286.4971722707,36695.3947768286,0.696686882758724
0.62,84266.886439498,36598.4182656505,0.697196657428428
0.62,84247.4506226863,36501.6132080164,0.697706863721993
0.62,84228.1894732057,36404.9799618561,0.698217495798672
0.62,84209.1027522956,36308.518887422,0.698728547797228
0.62,84190.1170473247,36211.8563920861,0.699242002787364
0.62,84171.3066385228,36115.3681151296,0.699755869142663
0.62,84152.6712792521,36019.0544008757,0.700270140941881
0.62,84134.2107327927,35922.9155959005,0.700784812243877
0.62,84115.8527108333,35826.5724395652,0.701301917193675
0.62,84097.6704017042,35730.4062582339,0.701819412827315
0.62,84079.6635608538,35634.4173823828,0.70233729314366
0.62,84061.8319536794,35538.6061445624,0.702855552122891
0.62,84044.1044892947,35442.5875272792,0.703376276226954
0.62,84026.5531922456,35346.7486338326,0.703897369904944
0.62,84009.1778201539,35251.0897805374,0.704418827076881
0.62,83991.9781406845,35155.6112859318,0.704940641643578
0.62,83974.8843367791,35059.9222814709,0.705464953676032
0.62,83957.9671940308,34964.415742353,0.705989613737754
0.62,83941.2264723807,34869.0919707043,0.706514615669446
0.62,83924.661941848,34773.9512706971,0.707039953293895
0.62,83908.205139225,34678.5968231647,0.707567821635302
0.62,83891.9255324872,34583.4275758507,0.708096016019244
0.62,83875.8228839927,34488.4438163727,0.708624530208269
0.62,83859.8969662535,34393.6458344337,0.709153357947143
0.62,83844.0807538633,34298.6307551245,0.709684750611846
0.62,83828.4423146517,34203.8036049134,0.71021644688332
0.62,83812.9814135176,34109.1646566953,0.71074844044658
0.62,83797.6978255731,34014.7141853825,0.711280724969629
0.62,83782.5260513687,33920.0431491212,0.711815609637686
0.62,83767.5326719417,33825.5627654279,0.712350775021111
0.62,83752.7174548842,33731.2732923973,0.712886214727279
0.62,83738.0801780296,33637.174989863,0.713421922348551
0.62,83723.5569606124,33542.8525315751,0.713960266398284
0.62,83709.2128057497,33448.7234447343,0.714498867808487
0.62,83695.0474838505,33354.7879723424,0.715037720110032
0.62,83681.0607756308,33261.0463590734,0.715576816819622
0.62,83667.1905164187,33167.0768684709,0.716118587372933
0.62,83653.5000356992,33073.3034644558,0.716660591460367
0.62,83639.9891068305,32979.7263746403,0.717202822537495
0.62,83626.6575135618,32886.3458283473,0.717745274046007
0.62,83613.4449102511,32792.7335472219,0.718290438001088
0.62,83600.4128516189,32699.3200649271,0.718835811184611
0.62,83587.5611141294,32606.1055934898,0.719381386977508
0.62,83574.8894847078,32513.0903465814,0.719927158747764
0.62,83562.3395451705,32419.8393626878,0.720475682833622
0.62,83549.9709689798,32326.7898879614,0.721024391354266
0.62,83537.7835358554,32233.9421185399,0.721573277617322
0.62,83525.7770360655,32141.2962522421,0.722122334917839
0.62,83513.895093482,32048.410494288,0.722674185745221
0.62,83502.1953877565,31955.7289548977,0.723226195717325
0.62,83490.6777020462,31863.2518141813,0.723778358068861
0.62,83479.3418301199,31770.9792537621,0.724330666023582
0.62,83468.1335593897,31678.4624876456,0.724885810131065
0.62,83457.1084563985,31586.1526497305,0.725441087587114
0.62,83446.266307906,31494.0499037509,0.725996491555181
0.62,83435.6069113756,31402.1544149898,0.726552015188229
0.62,83425.0783462371,31310.0102360449,0.727110419114803
0.62,83414.7339397636,31218.0756962591,0.727668930078732
0.62,83404.5734825244,31126.3509429046,0.728227541172333
0.62,83394.5967758644,31034.8361246366,0.728786245479149
0.62,83384.7543276418,30943.0679518322,0.729347875828581
0.62,83375.0970919465,30851.5121319744,0.729909586377588
0.62,83365.6248633408,30760.1687954805,0.730471370149347
0.62,83356.3374472506,30669.0380740855,0.73103322015943
0.62,83347.1879251054,30577.6491448485,0.731598043663887
0.62,83338.2247353253,30486.4752864217,0.732162919993665
0.62,83329.4476766839,30395.5166121651,0.732727842103658
0.62,83320.856558909,30304.7732366912,0.733292802942381
0.62,83312.4071912017,30213.7665971586,0.733860786557607
0.62,83304.1453449659,30122.9777520446,0.734428795075042
0.62,83296.0708234058,30032.4067973431,0.734996821382831
0.62,83288.1834407674,29942.0538301393,0.735564858364625
0.62,83280.4418986105,29851.4323293831,0.736135969344733
0.62,83272.8891397893,29761.0313539255,0.736707076743566
0.62,83265.5249721792,29670.8509821416,0.737278173383724
0.62,83258.3492147987,29580.8912934328,0.737849252084651
0.62,83251.3236371098,29490.6575734612,0.738423458087181
0.62,83244.4881811466,29400.6471188368,0.738997631450835
0.62,83237.8426597033,29310.8599899574,0.739571764934549
0.62,83231.3868968302,29221.2962482768,0.740145851294894
0.62,83225.0859176105,29131.4527348229,0.74072312048577
0.62,83218.9764790657,29041.8352378835,0.741300327391996
0.62,83213.0583991805,28952.4437996055,0.741877464710189
0.62,83207.3315072996,28863.2784630319,0.742454525136672
0.62,83201.764285265,28773.827356949,0.743034826296006
0.62,83196.3901077359,28684.6050316813,0.743615034922269
0.62,83191.2087981761,28595.6115108383,0.744195143651185
0.62,83186.2201915266,28506.8468188601,0.744775145119713
0.62,83181.3964419497,28417.7900823841,0.745358447785928
0.62,83176.7673302673,28328.9649065826,0.745941627050985
0.62,83172.3326857239,28240.3712961058,0.74652467549202
0.62,83168.0923491683,28152.0092564596,0.747107585688403
0.62,83164.0223788592,28063.3486036467,0.747693860281382
0.62,83160.1487344078,27974.9223093208,0.748279979968578
0.62,83156.4712511701,27886.73035889,0.748865937269918
0.62,83152.989776235,27798.7727385499,0.749451724709235
0.62,83149.6845213493,27710.5096209093,0.750040942690841
0.62,83146.5773802837,27622.4836802607,0.750629973606414
0.62,83143.6681948558,27534.694882381,0.751218809920725
0.62,83140.9568187538,27447.1431938553,0.751807444103608
0.62,83138.4278860895,27359.2787849155,0.75239957815256
0.62,83136.0989610741,27271.6543951189,0.752991492299131
0.62,83133.9698923638,27184.2699702943,0.753583178954471
0.62,83132.0405406259,27097.1254569185,0.754174630537238
0.62,83130.3002528194,27009.6606367953,0.754769654731718
0.62,83128.7619787052,26922.4387048265,0.755364425489133
0.62,83127.4255741812,26835.4595864678,0.755958935169236
0.62,83126.2909073065,26748.7232077509,0.756553176141206
0.62,83125.3523522755,26661.6585464226,0.75715106615824
0.62,83124.6179360759,26574.8396725914,0.757748668481186
0.62,83124.0875222813,26488.2664909536,0.758345975420295
0.62,83123.7609867852,26401.9389067073,0.758942979297264
0.62,83123.6380719074,26315.2746429526,0.759543712650762
0.62,83123.7215475796,26228.859100289,0.760144123303777
0.62,83124.0112855171,26142.6921621565,0.76074420351964
0.62,83124.5071699242,26056.7737124218,0.761343945575243
0.62,83125.2146816739,25970.5097312596,0.761947501874961
0.62,83126.1309704203,25884.4974431443,0.762550699690092
0.62,83127.2559165247,25798.7367098254,0.763153531239113
0.62,83128.5894130157,25713.2273934015,0.763755988756286
0.62,83130.1430826412,25627.3632050433,0.76436234996733
0.62,83131.9080593106,25541.7537246876,0.764968316099858
0.62,83133.8842325762,25456.3987918463,0.765573879330243
0.62,83136.0715048456,25371.2982463842,0.766179031852381
0.62,83138.4880809168,25285.8329555322,0.766788182634486
0.62,83141.1186473981,25200.6254355772,0.767396900900202
0.62,83143.9631036183,25115.6755034119,0.768005178785246
0.62,83147.021361965,25030.9829761142,0.768613008445903
0.62,83150.3186907013,24945.9152534837,0.769224936491641
0.62,83153.8328571608,24861.1084182949,0.769836393699507
0.62,83157.5637710888,24776.562264181,0.77044737216768
0.62,83161.5113555079,24692.2765847928,0.771057864018086
0.62,83165.7084698964,24607.6046338335,0.771672560440365
0.62,83170.1254449406,24523.1967465053,0.772286746777943
0.62,83174.7622014972,24439.0526925623,0.772900415094277
0.62,83179.618673926,24355.1722417668,0.773513557478703
0.62,83184.7358929831,24270.8937595619,0.774131017257623
0.62,83190.0761840929,24186.8825835991,0.774747926732336
0.62,83195.6394799775,24103.1384591448,0.775364277934087
0.62,83201.4257271062,24019.6611313788,0.775980062922875
0.62,83207.4847666784,23935.7732656081,0.77660028540111
0.62,83213.7702923352,23852.1560226087,0.777219916330379
0.62,83220.2822494908,23768.8091224242,0.777838947712911
0.62,83227.0205975633,23685.7322849903,0.778457371582137
0.62,83234.0446943678,23602.2315855896,0.779080361021368
0.62,83241.2989096064,23519.0049075898,0.77970271658405
0.62,83248.7832022755,23436.0519452075,0.780324430245319
0.62,83256.4975456625,23353.3723923666,0.780945494015314
0.62,83264.5115966324,23270.2547563598,0.78157126022827
0.62,83272.7596340771,23187.4146318585,0.782196349087906
0.62,83281.2416315674,23104.8516863788,0.782820752545847
0.62,83289.9575772754,23022.5655869553,0.783444462592707
0.62,83298.9882965211,22939.8261964808,0.784073021654512
0.62,83308.2571253236,22857.3679092389,0.784700858664962
0.62,83317.7640529091,22775.1903652101,0.785327965555077
0.62,83327.5090834316,22693.2932037736,0.785954334298484
0.62,83337.5851800931,22610.9264522384,0.786585709380193
0.62,83347.903786018,22528.8445088991,0.787216316408343
0.62,83358.4649072901,22447.0469851888,0.787846147297129
0.62,83369.2685652649,22365.533491886,0.788475194006632
0.62,83380.420944956,22283.5329041268,0.789109416292013
0.62,83391.820534415,22201.8209555893,0.789742823125472
0.62,83403.4673578999,22120.3972281636,0.7903754064075
0.62,83415.3614553114,22039.2613030202,0.791007158088013
0.62,83427.6234503692,21957.6194378879,0.791644267868034
0.62,83440.1376836614,21876.2701836619,0.792280513296452
0.62,83452.9041990816,21795.2130915722,0.792915886263482
0.62,83465.92305658,21714.4477119774,0.793550378713166
0.62,83479.3306893568,21633.1560529794,0.794190426623537
0.62,83492.9959474533,21552.1611335966,0.794829559662921
0.62,83506.9188960116,21471.4624732427,0.79546776971424
0.62,83521.099616693,21391.0595902234,0.796105048719528
0.62,83535.6919021962,21310.1084191696,0.796748097168877
0.62,83550.5475934117,21229.4582921776,0.797390178472042
0.62,83565.6667785447,21149.1086954646,0.798031284508518
0.62,83581.0495628262,21069.0591138901,0.798671407222554
0.62,83596.868859024,20988.43735997,0.799317532082167
0.62,83612.9577741149,20908.1211515471,0.79996263560944
0.62,83629.3164214135,20828.1099400482,0.800606709685004
0.62,83645.9449317741,20748.403175485,0.801249746258607
0.62,83663.0373461487,20668.0982409494,0.801899038818616
0.62,83680.4060705113,20588.1035745821,0.802547253771447
0.62,83698.0512455426,20508.4185914669,0.803194383001897
0.62,83715.9730300725,20429.0427049842,0.803840418470382
0.62,83734.3888951257,20349.0402566302,0.804492987765028
0.62,83753.0882909777,20269.353048422,0.805144420882336
0.62,83772.0713882626,20189.9804571661,0.805794709715958
0.62,83791.3383764225,20110.9218577235,0.806443846241621
0.62,83811.132808066,20031.20558192,0.807099821782791
0.62,83831.2185808884,19951.8097997709,0.807754600043169
0.62,83851.5958983792,19872.7338477805,0.80840817292901
0.62,83872.2649835663,19793.977060234,0.809060532435711
0.62,83893.4985411573,19714.5283715718,0.809720067459853
0.62,83915.0319093031,19635.4057493146,0.810378341286706
0.62,83936.8653276964,19556.6084872129,0.811035345840372
0.62,83958.9990563654,19478.1358765575,0.811691073141298
0.62,83981.7385305608,19398.9335604596,0.81235434856353
0.62,84004.7870248989,19320.0632466787,0.813016295732361
0.62,84028.1448190802,19241.5241835548,0.813676906594289
0.62,84051.812214054,19163.3156166198,0.81433617320072
0.62,84076.1315707878,19084.3354027636,0.815003402343492
0.62,84100.7699929941,19005.6935420326,0.815669232651199
0.62,84125.7278047477,18927.3892343824,0.816333656097025
0.62,84151.0053524401,18849.4216764366,0.816996664769632
0.62,84176.9868740786,18770.6357195839,0.817668099110242
0.62,84203.2984554161,18692.1949429928,0.818338060048781
0.62,84229.9404700213,18614.098494636,0.819006539591149
0.62,84256.9133149279,18536.3455187614,0.819673529868806
0.62,84284.6489940737,18457.7217546777,0.820349466143675
0.62,84312.7268112591,18379.4505476485,0.821023849913975
0.62,84341.1471954914,18301.53098962,0.821696673223841
0.62,84369.910600577,18223.9621682858,0.822367928254905
0.62,84399.5038549927,18145.4635197521,0.823048717218461
0.62,84429.4525728019,18067.3254431058,0.82372786937457
0.62,84459.7572454652,17989.5469695092,0.824405376811922
0.62,84490.4183907772,17912.1271252554,0.825081231770249
0.62,84521.9862003931,17833.7104983946,0.825767289231829
0.62,84553.9242440263,17755.663203776,0.826451619572459
0.62,84586.2330839129,17677.9842062114,0.827134214932102
0.62,84618.9133103787,17600.6724649735,0.827815067616743
0.62,84652.5888972901,17522.2875016022,0.82850688819828
0.62,84686.6511776771,17444.2815082951,0.829196884337363
0.62,84721.1007945033,17366.6533769668,0.82988504823216
0.62,84755.938420931,17289.4019930663,0.830571372265276
0.62,84791.8746671881,17210.9894580898,0.831269547128092
0.62,84828.2160580765,17132.966572412,0.831965791976908
0.62,84864.9633294005,17055.3321470777,0.83266009907699
0.62,84902.1172496307,16978.084985621,0.83335246089896
0.62,84940.4910965488,16899.5747018733,0.834057700479852
0.62,84979.2909122486,16821.4659938375,0.834760894662544
0.62,85018.5175401715,16743.7575821539,0.835462035788541
0.62,85058.1718594079,16666.4481786201,0.83616111642993
0.62,85099.1900524667,16587.7563389733,0.836874280056367
0.62,85140.6578979686,16509.4795105266,0.837585271093329
0.62,85182.5763654205,16431.6163117277,0.838294081970077
0.62,85224.9464635658,16354.1653506016,0.839000705376116
0.62,85268.853159257,16275.1909898447,0.839722840209642
0.62,85313.2366807136,16196.6469225904,0.840442660875406
0.62,85358.0981467817,16118.5316503789,0.841160159904819
0.62,85403.4387199381,16040.8436623922,0.841875330125198
0.62,85450.5256761485,15961.4640360662,0.842607722406775
0.62,85498.1209500922,15882.5322735241,0.84333764117211
0.62,85546.2258397108,15804.0467409877,0.844065079071159
0.62,85594.8416921258,15726.0057897677,0.844790029094674
0.62,85645.4620901952,15646.0703099003,0.845534271827389
0.62,85696.6277247388,15566.6031367129,0.846275859418202
0.62,85748.3401117718,15487.6024773058,0.847014784658342
0.62,85800.6008236358,15409.0665204736,0.847751040737212
0.62,85855.1881011882,15328.3890066592,0.848509121294246
0.62,85910.3644647844,15248.2038972882,0.8492643367321
0.62,85966.1317005347,15168.5092092133,0.850016680014223
0.62,86022.4916601452,15089.3029365873,0.850766144575235
0.62,86081.5848709966,15007.6524909107,0.851540550878011
0.62,86141.3200102467,14926.5232511475,0.852311845494292
0.62,86201.6992049546,14845.913002631,0.853080021602761
0.62,86262.7246604112,14765.8195017344,0.853845072952491
0.62,86324.1474459879,14686.5618686393,0.854603913106938
0.62,86386.2156802185,14607.8123952341,0.855359641816439
0.62,86448.9316043917,14529.5688949813,0.856112253369503
0.62,86512.2975361809,14451.8291519378,0.856861742620921
0.62,86575.4728213303,14375.5997070273,0.857598345941405
0.62,86639.285729361,14299.8566527016,0.858331898654582
0.62,86703.7385521882,14224.597891387,0.859062396224678
0.62,86768.8336530221,14149.8212971259,0.859789834653309
0.62,86833.7646779796,14076.4314547969,0.860505360268299
0.62,86899.3269895375,14003.5079603507,0.861217893755856
0.62,86965.522930818,13931.0487990546,0.86192743162422
0.62,87032.3549122285,13859.0519288567,0.862633970892227
0.62,87099.0965782274,13788.2819815455,0.863329960809951
0.62,87166.4654327639,13717.9605023999,0.864023010734917
0.62,87234.4638760776,13648.0855500427,0.864713118099403
0.62,87303.094373105,13578.6551567021,0.865400280823936
0.62,87371.7282892424,13510.2911326152,0.866078304042276
0.62,87440.9877250127,13442.3598329963,0.866753431974819
0.62,87510.8751464221,13374.8593798295,0.867425662878539
0.62,87581.3930828013,13307.7878695355,0.868094995480016
0.62,87652.000709812,13241.6485215051,0.868756372453669
0.62,87723.2343256014,13175.9279248011,0.869414892741108
0.62,87795.0964702553,13110.6242567458,0.870070555343275
0.62,87867.5897468221,13045.7356698053,0.870723359715428
0.62,87940.2481139984,12981.6704646438,0.871369166901757
0.62,88013.5347701264,12918.0114660906,0.87201215132623
0.62,88087.4523370887,12854.7569005526,0.872652312668435
0.62,88162.0035001428,12791.9049702306,0.873289651049175
0.62,88236.7869706953,12729.786976787,0.873920779134207
0.62,88312.2026372236,12668.063817158,0.874549114773025
0.62,88388.2532106619,12606.7337619723,0.875174658269046
0.62,88464.9414665241,12545.7950581429,0.875797410356678
0.62,88541.9244063693,12485.5147500924,0.876414617114505
0.62,88619.5449135973,12425.6188926613,0.87702905884258
0.62,88697.805795405,12366.1057967279,0.877640736421976
0.62,88776.7099253025,12306.9737499564,0.878249651155435
0.62,88855.9689204863,12248.434622182,0.878853598923484
0.62,88935.8722373877,12190.2704211151,0.879454806634117
0.62,89016.4227867842,12132.4794946002,0.880053275705859
0.62,89097.623548141,12075.0601676727,0.880649007971454
0.62,89179.2391781417,12018.175702025,0.881240289425808
0.62,89261.5072306537,11961.6574038989,0.881828853631634
0.62,89344.4307277603,11905.5036552505,0.882414702510186
0.62,89428.0127631897,11849.712815579,0.882997838390803
0.62,89512.0711341197,11794.4043189399,0.883576994795314
0.62,89596.7913737066,11739.4539262582,0.884153454753447
0.62,89682.1766236838,11684.8600510289,0.88472722065926
0.62,89768.2301009868,11630.6210845943,0.885298295309995
0.62,89854.8243249214,11576.8160741881,0.88586583014298
0.62,89942.0912386022,11523.3617497965,0.886430687387617
0.62,90030.0341124828,11470.2565541236,0.886992869884487
0.62,90118.6562964648,11417.4989079439,0.887552380873999
0.62,90207.8880794608,11365.1298316845,0.888108770760099
0.62,90297.8048072663,11313.1046347005,0.888662499953691
0.62,90388.4098892116,11261.421786645,0.889213571719866
0.62,90479.706818897,11210.0797354878,0.889761989720644
0.62,90571.6882881911,11159.0829004425,0.890307693826965
0.62,90664.3684814585,11108.4237282451,0.890850752081596
0.62,90757.7509582738,11058.1007133194,0.891391168155355
0.62,90851.8393680688,11008.1123286054,0.891928946114307
0.62,90946.569437115,10958.4923982585,0.892463708859116
0.62,91042.0117672904,10909.2036213677,0.892995845318963
0.62,91138.1700665642,10860.2445207824,0.893525359538974
0.62,91235.0481386398,10811.6135981514,0.894052255956811
0.62,91328.627394548,10765.2866199202,0.894555060173375
0.62,91422.8754135312,10719.258764681,0.895055465103376
0.62,91517.795607383,10673.528751576,0.895553474636614
0.62,91613.3914707159,10628.0952833209,0.896049092978382
0.62,91706.7121021304,10584.3331399631,0.896527275531176
0.62,91800.6742137578,10540.8473176579,0.897003218635731
0.62,91895.2810423194,10497.6366694448,0.897476926099561
0.62,91990.5358993321,10454.7000348868,0.897948401996947
0.62,92084.2633956043,10412.9992361321,0.898407050405384
0.62,92178.6161988521,10371.5580250102,0.898863574796377
0.62,92273.5974508478,10330.3753496067,0.899317978947099
0.62,92369.2103637547,10289.4501463837,0.899770266870299
0.62,92463.3347838049,10249.672935686,0.900210565698964
0.62,92558.0695009577,10210.1400161452,0.9006488478867
0.62,92653.4175674747,10170.8504214974,0.901085117157477
0.62,92749.3821020429,10131.8031754403,0.901519377443858
0.62,92843.9204009709,10093.8142234475,0.901942526127313
0.62,92939.0553550004,10056.0556700114,0.902363757173199
0.62,93034.7899341625,10018.526625582,0.902783074237365
0.62,93131.12717151,9981.22619185657,0.90320048116172
0.62,93226.1493696205,9944.88355660477,0.903607793054509
0.62,93321.7564550557,9908.75890614497,0.904013276776983
0.62,93417.9513271834,9872.85141845118,0.90441693591283
0.62,93514.7369453045,9837.16026388944,0.904818774211971
0.62,93610.3019135919,9802.34166339552,0.905211381081289
0.62,93706.4415612658,9767.72987336218,0.905602241236276
0.62,93803.1587263878,9733.32413176817,0.905991358185281
0.62,93900.4563043561,9699.12366992446,0.906378735586261
0.62,93996.6124096331,9665.72326536362,0.906757616424275
0.62,94093.3342796278,9632.51954123629,0.907134825249337
0.62,94190.624698662,9599.51178930432,0.90751036549203
0.62,94288.4865062072,9566.69929543646,0.907884240718531
0.62,94385.2768767532,9534.62351095365,0.908250263179799
0.62,94482.6252165082,9502.73517926116,0.908614682460169
0.62,94580.5342626419,9471.03364057479,0.908977501911511
0.62,94679.0068054899,9439.5182299063,0.909338725008857
0.62,94776.4701828645,9408.68382335375,0.909692662902891
0.62,94874.4847094886,9378.02842738578,0.910045061311153
0.62,94973.0530809629,9347.55142613748,0.910395923506164
0.62,95072.1780442207,9317.25219916096,0.910745252872461
0.62,95170.3493146016,9287.58475340167,0.911087799732327
0.62,95269.0657682826,9258.08856377199,0.911428866279459
0.62,95368.3300641435,9228.76305440625,0.91176845570702
0.62,95468.1449108379,9199.6076453754,0.912106571310637
0.62,95567.0557016021,9171.04028098933,0.912438352111025
0.62,95666.5064619535,9142.63702430116,0.912768707765461
0.62,95766.4998183514,9114.39733601481,0.913097641388403
0.62,95867.0384455534,9086.32067325101,0.91342515618804
0.62,95966.7176275983,9058.79299042498,0.913746736986867
0.62,96066.9322321676,9031.42280398262,0.914066944236414
0.62,96167.6848568227,9004.20960826705,0.914385780972541
0.62,96268.9781463423,8977.15289439358,0.914703250317877
0.62,96369.4522430839,8950.61010150862,0.915015146191013
0.62,96470.4578090717,8924.21867236844,0.915325716911897
0.62,96571.997416269,8897.97813231902,0.915634965438862
0.62,96674.073682731,8871.88800383636,0.915942894810295
0.62,96775.3672088957,8846.28019298104,0.916245576445877
0.62,96877.1887825525,8820.81804194494,0.916546978444058
0.62,96979.5409530222,8795.50110473648,0.916847103686958
0.62,97082.4263146091,8770.32893283584,0.917145955130464
0.62,97184.5620678755,8745.610470885,0.917439854374966
0.62,97287.2229251041,8721.03235055311,0.917732516888657
0.62,97390.4114154608,8696.59415246549,0.918023945478439
0.62,97494.1301121676,8672.2954550051,0.918314143019555
0.62,97597.1294041962,8648.42447392701,0.918599657508042
0.62,97700.6512886359,8624.68886480703,0.918883975801438
0.62,97804.6982767666,8601.08823304661,0.919167100632696
0.62,97909.2729230783,8577.62218206219,0.919449034798197
0.62,98013.1557887363,8554.56014297958,0.919726531922098
0.62,98117.5591271544,8531.6288223981,0.920002871222669
0.62,98222.4854337567,8508.82784884383,0.920278055360245
0.62,98327.9372464029,8486.15684909044,0.920552087054132
0.62,98432.7226117121,8463.86817276017,0.920821907315779
0.62,98538.0266870117,8441.70584939624,0.921090606143334
0.62,98643.8519536923,8419.66952916175,0.921358186125887
0.62,98750.200934869,8397.75886067841,0.921624649907451
0.62,98855.9067606571,8376.21061020401,0.921887109799064
0.62,98962.1298598125,8354.78461023082,0.922148482823153
0.62,99068.8727013325,8333.48053121391,0.922408771498979
0.62,99176.1377952846,8312.29804225916,0.922667978397023
0.62,99282.7812027746,8291.45964885508,0.922923372889138
0.62,99389.9407460869,8270.7396446255,0.923177713399079
0.62,99497.6188833064,8250.13771909719,0.923431002377704
0.62,99605.818112985,8229.65356062334,0.923683242323709
0.62,99713.4154892481,8209.49658647239,0.923931847013983
0.62,99821.5281389056,8189.45436186721,0.924179429051961
0.62,99930.1585104363,8169.52659430188,0.924425990821468
0.62,100039.30909233,8149.71299023894,0.924671534751288
0.62,100147.876182406,8130.21092175802,0.9249136077373
0.62,100256.957937282,8110.82016759381,0.925154687957666
0.62,100366.556797114,8091.54045218117,0.925394777730773
0.62,100476.675241451,8072.37149909023,0.925633879416876
0.62,100586.227226811,8053.49956637691,0.925869662929953
0.62,100696.293503223,8034.73570169869,0.926104482221392
0.62,100806.876503592,8016.07964550925,0.926338339545507
0.62,100917.978699728,7997.53113753388,0.926571237195845
0.62,101028.530265074,7979.26615600414,0.926800959032493
0.62,101139.595965589,7961.10617131544,0.927029743939453
0.62,101251.17822786,7943.05093910012,0.927257594108247
0.62,101363.279517037,7925.10021437043,0.927484511767422
0.62,101474.844911999,7907.42044451702,0.927708386558425
0.62,101586.924488743,7889.84276296049,0.927931350541065
0.62,101699.520668631,7872.36693969853,0.928153405845861
0.62,101812.635910952,7854.99274426052,0.928374554637667
0.62,101925.228999431,7837.87776832763,0.928592784960876
0.62,102038.336505157,7820.86212353256,0.928810129500707
0.62,102151.960844883,7803.94559354999,0.929026590327645
0.62,102266.104473119,7787.12796166068,0.929242169544856
0.62,102379.738778219,7770.55857377773,0.929454946917246
0.62,102493.887912227,7754.0859011146,0.929666862501774
0.62,102608.554288272,7737.709740321,0.92987791831071
0.62,102723.740356762,7721.42988777086,0.930088116386845
0.62,102838.429104318,7705.38799547729,0.930295622155682
0.62,102953.633257583,7689.44033446937,0.930502289164338
0.62,103069.355226646,7673.58671377028,0.930708119368014
0.62,103185.59745841,7657.82694223761,0.930913114750424
0.62,103301.353605631,7642.29547988363,0.931115520871384
0.62,103417.625890026,7626.85588848516,0.931317110347746
0.62,103534.416719234,7611.50798887002,0.931517885078921
0.62,103651.728537506,7596.25160177252,0.931717846991359
0.62,103768.564808406,7581.21445135784,0.931915316745515
0.62,103885.91809322,7566.26692751656,0.932111991109831
0.62,104003.790797799,7551.40886233711,0.932307871929384
0.62,104122.185364295,7536.64008789728,0.932502961074723
0.62,104240.11427582,7522.08200868472,0.932695649703086
0.62,104358.561214837,7507.61142059032,0.932887563382921
0.62,104477.528585771,7493.22816648697,0.933078703906001
0.62,104597.01882918,7478.9320892993,0.933269073088309
0.62,104716.052711926,7464.83865460359,0.933457128360537
0.62,104835.605764409,7450.83067810844,0.933644428355131
0.62,104955.680390309,7436.9080129829,0.933830974812169
0.62,105076.279029043,7423.07051253587,0.934016769494366
0.62,105196.43005253,7409.4280517006,0.93420033223456
0.62,105317.101509561,7395.86911277662,0.934383158637903
0.62,105438.295803384,7382.39355881156,0.934565250393823
0.62,105560.015372849,7369.00125304751,0.934746609213298
0.62,105681.295562444,7355.79679957987,0.934925813767206
0.62,105803.097564189,7342.67402294597,0.935104300231924
0.62,105925.423781376,7329.63279565826,0.935282070247585
0.62,106048.276652525,7316.6729905029,0.935459125474477
0.62,106170.697905837,7303.89423476394,0.935634100136584
0.62,106293.642458471,7291.19539699403,0.935808374298408
0.62,106417.112714076,7278.57635879669,0.935981949551917
0.62,106541.111111289,7266.03700211061,0.936154827508106
0.62,106664.685213073,7253.67224820027,0.936325694911233
0.62,106788.784204173,7241.38573498575,0.936495878776209
0.62,106913.410488871,7229.17735281125,0.936665380647947
0.62,107038.566506209,7217.04699241425,0.936834202089325
0.62,107163.305142366,7205.08511876277,0.937001079561303
0.62,107288.570355099,7193.19988587187,0.93716728985994
0.62,107414.364549784,7181.39119247581,0.937332834484485
0.62,107540.690166207,7169.65893777051,0.93749771495097
0.62,107666.604934467,7158.08936129025,0.937660714838457
0.62,107793.048059063,7146.59489898739,0.937823063348163
0.62,107920.021946538,7135.17545769091,0.937984761934547
0.62,108047.529037633,7123.83094474361,0.938145812067916
0.62,108174.631458928,7112.64358779661,0.938305042035958
0.62,108302.264103885,7101.52988814254,0.938463635878096
0.62,108430.429380528,7090.48976040231,0.938621595005211
0.62,108559.129730877,7079.52311976042,0.93877892084315
0.62,108687.431257671,7068.70838001102,0.938934484148001
0.62,108816.264958781,7057.96590693456,0.939089426059588
0.62,108945.633243714,7047.29562268292,0.939243747946048
0.62,109075.538556067,7036.69744999514,0.939397451190004
0.62,109205.050581888,7026.24617249509,0.939549446933017
0.62,109335.096811661,7015.86583414788,0.939700835518609
0.62,109465.67965683,7005.5563643514,0.939851618273568
0.62,109596.801562445,6995.31769315975,0.940001796538033
0.62,109727.535427875,6985.22114485384,0.940150319896685
0.62,109858.805602134,6975.19426829774,0.94029824985849
0.62,109990.614498495,6965.23699990853,0.940445587709619
0.62,110122.964563803,6955.34927679135,0.940592334749018
0.62,110254.931563811,6945.59912281479,0.940737477192948
0.62,110387.437048853,6935.91743054807,0.940882039545112
0.62,110520.483434288,6926.30414318343,0.94102602305223
0.62,110654.073168874,6916.75920464298,0.941169428973091
0.62,110787.284558948,6907.34748646011,0.941311278463446
0.62,110921.036678261,6898.00307470689,0.941452560730677
0.62,111055.331944195,6888.72591914199,0.941593276982855
0.62,111190.17280751,6879.51597028318,0.941733428439619
0.62,111324.639807621,6870.43508555797,0.941872069612315
0.62,111459.649845662,6861.42040432919,0.94201015601167
0.62,111595.205341251,6852.47188270343,0.942147688808222
0.62,111731.308747063,6843.58947759532,0.942284669183278
0.62,111867.042546851,6834.83216139996,0.942420183521121
0.62,112003.321754587,6826.13999584056,0.942555155133352
0.62,112140.148792115,6817.51294317865,0.942689585153842
0.62,112277.52611417,6808.95096652053,0.942823474726632
0.62,112414.537876729,6800.51027395278,0.942955940718513
0.62,112552.097475516,6792.13372710322,0.943087875646275
0.62,112690.207334614,6783.8212942021,0.943219280608021
0.62,112828.869910837,6775.57294435992,0.943350156711461
0.62,112967.170776202,6767.44223437268,0.943479650000831
0.62,113106.021961445,6759.37471112499,0.94360862351635
0.62,113245.425892771,6751.37034864581,0.943737078321133
0.62,113385.385029121,6743.42912186898,0.943865015487515
0.62,113524.986117428,6735.60204221306,0.943991609010994
0.62,113665.140061692,6727.83723438328,0.944117693693728
0.62,113805.849290372,6720.13467803056,0.944243270564857
0.62,113947.116264346,6712.4943537529,0.944368340662074
0.62,114088.02867789,6704.96482698407,0.9444921047783
0.62,114229.496533213,6697.49669942018,0.944615370643212
0.62,114371.522260926,6690.08995617851,0.944738139252756
0.62,114514.108323901,6682.74458335513,0.944860411610943
0.62,114656.343149167,6675.50679375493,0.944981414221449
0.62,114799.136049073,6668.32957136643,0.945101928839089
0.62,114942.489456363,6661.21290661968,0.945221956427476
0.62,115086.405835893,6654.15679095434,0.945341497957831
0.62,115229.974146449,6647.20517225338,0.945459804621247
0.62,115374.103209095,6640.31332782232,0.945577633231453
0.62,115518.795458562,6633.4812532639,0.94569498472048
0.62,115664.053361534,6626.70894522005,0.945811860027517
0.62,115808.966217215,6620.03816928554,0.945927534063852
0.62,115954.442544461,6613.4264122495,0.94604273967931
0.62,116100.484779872,6606.87367475131,0.946157477775104
0.62,116247.095391847,6600.3799584982,0.946271749259195
0.62,116393.363841925,6593.98492453293,0.946384851851272
0.62,116540.198522633,6587.6481902653,0.946497495358414
0.62,116687.601872365,6581.3697612394,0.946609680651824
0.62,116835.576360981,6575.14964410254,0.946721408608911
0.62,116983.211443766,6569.02546868154,0.946831998895038
0.62,117131.41555351,6562.95890860142,0.946942139146258
0.62,117280.191130002,6556.94997419792,0.947051830204311
0.62,117429.540644707,6550.99867692172,0.947161072917039
0.62,117578.553388368,6545.140684576,0.947269208079405
0.62,117728.13799006,6539.33965681371,0.947376901980772
0.62,117878.29689103,6533.59560863483,0.947484155434317
0.62,118029.032564048,6527.90855618072,0.947590969258954
0.62,118179.43398707,6522.31227056428,0.947696704606773
0.62,118330.410131759,6516.77233118275,0.947802007200946
0.62,118481.963440746,6511.28875758428,0.947906877826872
0.62,118634.096387663,6505.86157049773,0.948011317275071
0.62,118785.897497592,6500.52270614067,0.948114706321963
0.62,118938.276223239,6495.23960095076,0.948217670865141
0.62,119091.235008028,6490.01227893153,0.948320211662642
0.62,119244.776326601,6484.84076527836,0.948422329477553
0.62,119397.988121392,6479.75521972506,0.948523424016543
0.62,119551.78045388,6474.7248764966,0.948624102052793
0.62,119706.155768422,6469.74976393718,0.948724364317893
0.62,119861.116540051,6464.82991161957,0.948824211547919
0.62,120015.750005933,6459.99375814502,0.948923061720078
0.62,120170.966957386,6455.21227936109,0.949021503149897
0.62,120326.769839182,6450.48550786423,0.949119536542999
0.62,120483.161126802,6445.81347749637,0.949217162609316
0.62,120639.227239194,6441.22295813403,0.949313816970807
0.62,120795.879808735,6436.68661407796,0.949410070117678
0.62,120953.121280324,6432.20448208413,0.949505922730212
0.62,121110.95412941,6427.77660017645,0.949601375492713
0.62,121268.46384987,6423.42811926349,0.949695881075862
0.62,121426.56302049,6419.13334161237,0.94978999274695
0.62,121585.254085996,6414.89230804993,0.949883711161534
0.62,121744.539521494,6410.70506069274,0.949977036978916
0.62,121903.503799368,6406.59517863489,0.950069439353069
0.62,122063.060539543,6402.53855427282,0.950161454899711
0.62,122223.212186377,6398.53523241582,0.950253084250347
0.62,122383.961214441,6394.58525918438,0.950344328039966
0.62,122544.390981385,6390.71068676019,0.950434671365066
0.62,122705.416239969,6386.88895211131,0.950524634736299
0.62,122867.039433701,6383.12010395204,0.950614218761622
0.62,123029.263036132,6379.40419232863,0.950703424052221
0.62,123191.169209037,6375.76178508094,0.950791751134629
0.62,123353.673917678,6372.17182055754,0.950879704932389
0.62,123516.779604553,6368.63435129532,0.950967286030592
0.62,123680.488741816,6365.14943118804,0.951054495017201
0.62,123843.882216961,6361.73618433728,0.951140847357829
0.62,124007.877284627,6358.37500927752,0.951226832885072
0.62,124172.476385843,6355.06596229571,0.951312452161662
0.62,124337.681991111,6351.80910105517,0.951397705752977
0.62,124502.573645336,6348.62214451551,0.95148212359701
0.62,124668.069959437,6345.48691223881,0.95156618090711
0.62,124834.173372419,6342.40346419375,0.951649878224117
0.62,125000.88635279,6339.37186174021,0.951733216091402
0.62,125167.287038683,6336.40845552964,0.951815738472471
0.62,125334.295460089,6333.4964487811,0.951897906413099
0.62,125501.914053619,6330.63590507508,0.951979720432787
0.62,125670.145285205,6327.82688940203,0.952061181053361
0.62,125838.065831015,6325.08441919474,0.952141845838116
0.62,126006.597194179,6322.39304572609,0.952222162095668
0.62,126175.741808311,6319.75283612514,0.952302130324621
0.62,126345.502136148,6317.16385894891,0.9523817510257
0.62,126514.953341081,6314.63983194328,0.952460594954034
0.62,126685.018448783,6312.16662041729,0.952539096093403
0.62,126855.699889533,6309.74429498265,0.952617254922082
0.62,127027.000122764,6307.37292769359,0.952695071920377
0.62,127197.992755699,6305.06496862927,0.952772130645512
0.62,127369.602378498,6302.8075646536,0.952848852150312
0.62,127541.831417598,6300.60078980018,0.952925236893208
0.62,127714.682328159,6298.44471956554,0.953001285334365
0.62,127887.22712442,6296.35056697767,0.953076593460205
0.62,128060.391996634,6294.30672939583,0.953151569769578
0.62,128234.179367098,6292.31328421396,0.953226214701639
0.62,128408.591686393,6290.37031030867,0.953300528697001
0.62,128582.699344155,6288.48781297145,0.953374119813706
0.62,128757.430161006,6286.65541032068,0.953447384358049
0.62,128932.786554237,6284.87318305799,0.953520322750235
0.62,129108.770969447,6283.14121338131,0.953592935411853
0.62,129284.452146771,6281.46832692007,0.953664842130149
0.62,129460.759561008,6279.84533407238,0.953736427365074
0.62,129637.695623784,6278.27231879351,0.953807691518292
0.62,129815.262774809,6276.7493665508,0.953878634992691
0.62,129992.528085872,6275.28415023062,0.95394888897638
0.62,130170.422703561,6273.86864520628,0.95401882641488
0.62,130348.949033548,6272.50293863082,0.954088447691888
0.62,130528.109509122,6271.18711918673,0.954157753192066
0.62,130706.969520214,6269.92773285814,0.954226385189072
0.62,130886.46189749,6268.71789378462,0.954294705432748
0.62,131066.589039712,6267.55769226835,0.954362714289112
0.62,131247.353373275,6266.44722015407,0.954430412125098
0.62,131427.818600521,6265.391921336,0.954497451997886
0.62,131608.919240638,6264.38602355685,0.954564184766928
0.62,131790.6576849,6263.42962021739,0.954630610781017
0.62,131973.036352225,6262.52280627429,0.9546967303898
0.62,132155.117254484,6261.66994741074,0.954762207142711
0.62,132337.836600968,6260.86636075639,0.954827381303233
0.62,132521.196774949,6260.11214276154,0.954892253203395
0.62,132705.200186844,6259.40739144782,0.954956823175848
0.62,132888.907164306,6258.75541725703,0.95502076498347
0.62,133073.255599367,6258.15260341396,0.95508440857566
0.62,133258.247866496,6257.5990493718,0.955147754268049
0.62,133443.886367317,6257.09485616819,0.955210802376839
0.62,133629.229756067,6256.64230114649,0.955273236609716
0.62,133815.217595262,6256.23881117616,0.955335376873481
0.62,134001.852250099,6255.88448866708,0.95539722346783
0.62,134189.136112141,6255.57943762822,0.95545877669273
0.62,134376.126178586,6255.32492366659,0.955519729942071
0.62,134563.763665295,6255.11939563734,0.955580393341632
0.62,134752.050926982,6254.96295886335,0.955640767175403
0.62,134940.990344727,6254.85572027892,0.955700851727612
0.62,135129.637281327,6254.79795438613,0.955760349829468
0.62,135318.934581981,6254.78911111197,0.955819562077273
0.62,135508.884590211,6254.82929864823,0.955878488739707
0.62,135699.4896759,6254.91862681059,0.955937130085652
0.62,135889.803596946,6255.05639894728,0.955995198144147
0.62,136080.770797107,6255.24304583555,0.956052984224093
0.62,136272.39360807,6255.47867849326,0.956110488579271
0.62,136464.674387325,6255.76340957413,0.956167711463466
0.62,136656.66532162,6256.095590588,0.956224373872176
0.62,136849.312418407,6256.47661358639,0.956280758060824
0.62,137042.617996778,6256.90659237149,0.956336864268667
0.62,137236.584401055,6257.3856423924,0.956392692734769
0.62,137430.262288591,6257.91118204859,0.956447973198523
0.62,137624.599187585,6258.48554568944,0.956502979086866
0.62,137819.597403368,6259.10884985957,0.956557710624783
0.62,138015.259266485,6259.78121276225,0.956612168037044
0.62,138210.633951242,6260.4991378637,0.956666089591736
0.62,138406.670459024,6261.2658833951,0.956719740104849
0.62,138603.371080584,6262.08156860293,0.956773119787452
0.62,138800.738131286,6262.94631440165,0.956826228850223
0.62,138997.819355347,6263.85572699415,0.956878813882303
0.62,139195.565173454,6264.81397059539,0.956931131298707
0.62,139393.977860542,6265.82116711179,0.956983181296837
0.62,139593.059716412,6266.87744013051,0.957034964073756
0.62,139791.857114747,6267.97751579463,0.95708623433917
0.62,139991.321834184,6269.12644687723,0.957137240309628
0.62,140191.456133441,6270.32435790742,0.957187982169329
0.62,140392.262295483,6271.5713751035,0.957238460101965
0.62,140592.785388296,6272.8613613149,0.957288436743758
0.62,140793.978482682,6274.20024089673,0.957338152309009
0.62,140995.843819643,6275.58814095835,0.957387606968898
0.62,141198.383664381,6277.02519030951,0.957436800894078
0.62,141400.641850804,6278.50440487788,0.957485504459731
0.62,141603.572669013,6280.03256402582,0.95753395006749
0.62,141807.178341544,6281.60979740529,0.957582137875885
0.62,142011.461114486,6283.23623637531,0.957630068042761
0.62,142215.463665904,6284.90406595368,0.957677518500815
0.62,142420.1414257,6286.62090430331,0.957724714022404
0.62,142625.496596968,6288.38688358028,0.957771654753724
0.62,142831.531405694,6290.20213765341,0.957818340840137
0.62,143037.28745889,6292.05803631548,0.957864557596166
0.62,143243.7212403,6293.96302065924,0.957910522342478
0.62,143450.834932058,6295.91722530196,0.957956235213129
0.62,143658.630739123,6297.92078658392,0.958001696341328
0.62,143866.149287762,6299.96427445183,0.958046698252987
0.62,144074.34802375,6302.05693736717,0.958091450989291
0.62,144283.229107421,6304.19891237152,0.958135954672505
0.62,144492.794721554,6306.39033823679,0.958180209423968
0.62,144702.084609547,6308.6210001859,0.958224014815945
0.62,144912.057080124,6310.90093875502,0.958267573776945
0.62,145122.714270321,6313.23029336703,0.958310886417644
0.62,145334.058339546,6315.60920518525,0.958353952847787
0.62,145545.128253271,6318.02668960086,0.958396579525971
0.62,145756.883077004,6320.49356416771,0.958438962429757
0.62,145969.324923368,6323.00997065078,0.958481101658524
0.62,146182.455926953,6325.57605256186,0.95852299731065
0.62,146395.314385468,6328.18007012884,0.958564462575411
0.62,146608.860009576,6330.8336030929,0.958605686636681
0.62,146823.094886663,6333.5367955259,0.958646669582885
0.62,147038.021125017,6336.28979324417,0.958687411501258
0.62,147252.676472474,6339.08011581295,0.958727732160748
0.62,147468.021165694,6341.92009050737,0.958767814104138
0.62,147684.057265098,6344.80986366001,0.958807657409074
0.62,147900.786851911,6347.74958335698,0.958847262152008
0.62,148117.247250171,6350.72604286921,0.958886454535004
0.62,148334.399094961,6353.75230248844,0.958925410607802
0.62,148552.244418293,6356.82851076476,0.958964130437499
0.62,148770.785272879,6359.95481801084,0.959002614089995
0.62,148989.058689829,6363.11730541918,0.959040694057521
0.62,149208.02557023,6366.32975193682,0.95907854004117
0.62,149427.68791676,6369.59230829546,0.959116152097814
0.62,149648.047752015,6372.90512698851,0.959153530283008
0.62,149868.141953429,6376.25359126728,0.959190513240245
0.62,150088.931547494,6379.65218446052,0.959227264462306
0.62,150310.418505926,6383.10105943562,0.959263783996038
0.62,150532.604819893,6386.6003708248,0.959300071886914
0.62,150754.527360892,6390.13481802658,0.959335972794602
0.62,150977.147131603,6393.71957453053,0.959371644140019
0.62,151200.466071332,6397.35479529608,0.959407085960218
0.62,151424.486138361,6401.04063704994,0.959442298290829
0.62,151648.244349992,6404.76112933008,0.9594771316755
0.62,151872.701531936,6408.53212166727,0.959511737596813
0.62,152097.859589483,6412.35377106641,0.959546116082244
0.62,152323.720446408,6416.22623630145,0.959580267157792
0.62,152549.321430788,6420.13289112056,0.959614047123041
0.62,152775.623024869,6424.09024690262,0.959647601651543
0.62,153002.627098509,6428.09846265425,0.959680930761441
0.62,153230.335539553,6432.15769915224,0.959714034469349
0.62,153457.78615335,6436.2506883319,0.959746774704896
0.62,153685.938910344,6440.39458931831,0.95977929145969
0.62,153914.79564351,6444.58956307524,0.959811584742777
0.62,154144.358203301,6448.83577233715,0.959843654561628
0.62,154373.665050146,6453.11532129929,0.959875368353484
0.62,154603.675463258,6457.4460026447,0.959906860551621
0.62,154834.391237126,6461.82797924666,0.959938131156203
0.62,155065.814182819,6466.26141574194,0.959969180165729
0.62,155296.983601568,6470.72780272043,0.959999880405374
0.62,155528.857894341,6475.24555218345,0.960030360870946
0.62,155761.438814991,6479.81482885516,0.960060621553876
0.62,155994.728134149,6484.43579923627,0.960090662443987
0.62,156227.766185371,6489.08935448854,0.960120361637034
0.62,156461.510297657,6493.79451163595,0.960149842809747
0.62,156695.962183265,6498.55143721738,0.960179105945129
0.62,156931.123569937,6503.36029953168,0.960208151024445
0.62,157166.0360278,6508.20140469129,0.960236861299716
0.62,157401.655608152,6513.0943602648,0.960265355243993
0.62,157637.983979677,6518.03933454908,0.960293632832027
0.62,157875.022825967,6523.03649759814,0.960321694036791
0.62,158111.815160567,6528.06558487392,0.960349427153878
0.62,158349.315548301,6533.14677998528,0.960376945566366
0.62,158587.525612233,6538.28025292818,0.960404249240926
0.62,158826.446990142,6543.46617546022,0.960431338142462
0.62,159065.124358964,6548.6837270498,0.960458105500185
0.62,159304.510575373,6553.95365259369,0.960484659718147
0.62,159544.607214989,6559.27612373138,0.960511000755138
0.62,159785.415867547,6564.65131385967,0.960537128568149
0.62,160025.983099345,6570.05786124142,0.960562941211816
0.62,160267.259831177,6575.51705717949,0.960588542220323
0.62,160509.247589336,6581.02907489948,0.960613931544778
0.62,160751.947914017,6586.59408938806,0.960639109134499
0.62,160994.409496914,6592.19021273159,0.960663977763419
0.62,161237.581084583,6597.83926750806,0.960688636202853
0.62,161481.4641526,6603.54142848223,0.960713084396474
0.62,161726.060189031,6609.2968721558,0.960737322286052
0.62,161970.420257593,6615.08319974589,0.960761257260653
0.62,162215.490682526,6620.92274972023,0.960784983433818
0.62,162461.272886061,6626.81569830644,0.960808500741908
0.62,162707.768302683,6632.76222347133,0.960831809119395
0.62,162954.030618891,6638.73943101746,0.960854820467501
0.62,163201.003483529,6644.77015975164,0.960877624345794
0.62,163448.688263601,6650.85458730398,0.960900220683523
0.62,163697.086338121,6656.99289304595,0.960922609408064
0.62,163945.254281759,6663.1617032397,0.960944706831898
0.62,164194.132800218,6669.38434106471,0.9609665980623
0.62,164443.723203764,6675.66098550179,0.960988283021646
0.62,164694.02681319,6681.99181724396,0.96100976163034
0.62,164944.103362111,6688.35299910588,0.9610309545123
0.62,165194.890340829,6694.76832247836,0.96105194242318
0.62,165446.388999942,6701.23796760471,0.961072725278589
0.62,165698.600600314,6707.76211644079,0.961093302992182
0.62,165950.588319774,6714.31648491635,0.961113600401244
0.62,166203.286145336,6720.92531597914,0.961133694008588
0.62,166456.695266193,6727.588791075,0.961153583723276
0.62,166710.816881533,6734.30709336271,0.961173269452433
0.62,166964.717901982,6741.05550865577,0.961192680149323
0.62,167219.328519965,6747.85871459665,0.961211888161999
0.62,167474.649861495,6754.71689377268,0.961230893393186
0.62,167730.683061032,6761.63023044975,0.96124969574359
0.62,167986.499066637,6768.57359765467,0.961268228186673
0.62,168243.023969872,6775.57209033485,0.961286559012255
0.62,168500.258830474,6782.62589212101,0.961304688116839
0.62,168758.204716766,6789.73518833264,0.961322615394956
0.62,169015.936923698,6796.87445682621,0.961340277745088
0.62,169274.377129512,6804.06919214281,0.961357739494626
0.62,169533.526326236,6811.3195789021,0.961375000534089
0.62,169793.385512891,6818.62580337454,0.961392060751949
0.62,170053.034654856,6825.9619664239,0.961408860877704
0.62,170313.390691602,6833.35394394629,0.961425461370996
0.62,170574.454544241,6840.8019214452,0.961441862116473
0.62,170836.227141005,6848.30608608436,0.961458062996784
0.62,171097.793449616,6855.84018034201,0.961474008479095
0.62,171360.06533571,6863.43044276906,0.961489755249219
0.62,171623.043647973,6871.077059694,0.961505303186163
0.62,171886.72924057,6878.7802190638,0.961520652166871
0.62,172150.212428387,6886.51332416147,0.961535750303658
0.62,172414.399656205,6894.30295693984,0.961550650601638
0.62,172679.291697259,6902.14930444854,0.961565352934311
0.62,172944.889329943,6910.05255535106,0.961579857173132
0.62,173210.288567341,6917.98579333902,0.961594114983377
0.62,173476.390079459,6925.97592408315,0.9616081757822
0.62,173743.194561449,6934.0231352593,0.961622039437761
0.62,174010.702713289,6942.12761615203,0.961635705816189
0.62,174278.016612913,6950.26215118146,0.961649130044276
0.62,174546.030786257,6958.45394934701,0.9616623580432
0.62,174814.745848003,6966.70319886154,0.961675389675954
0.62,175084.162416878,6975.01008952676,0.961688224803497
0.62,175353.389010234,6983.34712732573,0.961700821922921
0.62,175623.313632308,6991.74180367256,0.961713223551146
0.62,175893.936815357,7000.19430723909,0.961725429546196
0.62,176165.259093953,7008.70482823623,0.961737439764019
0.62,176436.395812967,7017.24561575623,0.961749215981179
0.62,176708.228064172,7025.84442201773,0.961760797401659
0.62,176980.756293853,7034.50143602223,0.961772183878641
0.62,177253.980950723,7043.2168483169,0.96178337526327
0.62,177527.024605058,7051.96267327473,0.961794336520869
0.62,177800.761034582,7060.76690165352,0.961805103633629
0.62,178075.190597563,7069.62972269969,0.961815676450085
0.62,178350.313653878,7078.55132718192,0.961826054816735
0.62,178625.260409284,7087.50351765459,0.961836206797057
0.62,178900.89691436,7096.51450044428,0.961846165242494
0.62,179177.22343665,7105.58446493474,0.9618559299971
0.62,179454.240243995,7114.71360199135,0.961865500902875
0.62,179731.085597304,7123.87352592401,0.961874849030761
0.62,180008.617397536,7133.09263499366,0.961884004192578
0.62,180286.835818277,7142.37111859368,0.961892966228047
0.62,180565.741033048,7151.70916758832,0.961901734974855
0.62,180844.4797925,7161.07823249743,0.961910284420712
0.62,181123.901409532,7170.50687897128,0.96191864142888
0.62,181404.005961784,7179.99529632381,0.96192680583494
0.62,181684.793525003,7189.54367527912,0.961934777472414
0.62,181965.41978289,7199.12332772691,0.961942533154762
0.62,182246.725013645,7208.76296147494,0.961950096888079
0.62,182528.709195804,7218.46276562711,0.961957468503961
0.62,182811.372305141,7228.22293066755,0.961964647831951
0.62,183093.879416469,7238.01465595727,0.961971614420004
0.62,183377.061311645,7247.86676528366,0.961978389508644
0.62,183660.917866896,7257.77944740499,0.961984972925638
0.62,183945.448954804,7267.75289242816,0.961991364496712
0.62,184229.829512402,7277.75821420693,0.961997546412644
0.62,184514.880350398,7287.82432540885,0.962003537240379
0.62,184800.60123995,7297.9514143232,0.962009336804023
0.62,185086.991948196,7308.13967057285,0.962014944925665
0.62,185373.237751678,7318.36015023785,0.962020346346585
0.62,185660.149008658,7328.64182704542,0.96202555705277
0.62,185947.725382105,7338.9848886766,0.962030576864829
0.62,186235.966530078,7349.38952411178,0.962035405601369
0.62,186524.068564955,7359.82676059145,0.962040030461356
0.62,186812.830892457,7370.32560389343,0.962044464942911
0.62,187102.253064876,7380.88624097068,0.962048708863325
0.62,187392.334628196,7391.50886002133,0.962052762037892
0.62,187682.283035577,7402.16448925007,0.962056614029634
0.62,187972.886231523,7412.88213661086,0.962060275942698
0.62,188264.143653769,7423.66198815479,0.962063747591207
0.62,188556.05473336,7434.50423115925,0.962067028787314
0.62,188847.838785236,7445.37992577367,0.962070111363679
0.62,189140.271767155,7456.318051051,0.962073004125118
0.62,189433.352999922,7467.31879201766,0.962075706882767
0.62,189727.081796751,7478.38233488768,0.962078219445808
0.62,190020.689861865,7489.47980359894,0.962080535821095
0.62,190314.940634083,7500.64011635799,0.962082662609774
0.62,190609.83331419,7511.86345701417,0.962084599620156
0.62,190905.367094487,7523.15001056413,0.962086346658624
0.62,191200.786617138,7534.47099803242,0.962087899809796
0.62,191496.842249085,7545.85524339966,0.96208926356776
0.62,191793.533067804,7557.30292917383,0.962090437738177
0.62,192090.858141387,7568.81423896817,0.962091422124797
0.62,192388.075602361,7580.36052503006,0.962092214792334
0.62,192685.922189094,7591.97048289747,0.962092818225667
0.62,192984.396852434,7603.64429356706,0.962093232227974
0.62,193283.498532943,7615.38213909686,0.962093456600544
0.62,193582.499426436,7627.15553861814,0.962093491289258
0.62,193882.122065223,7638.99302347891,0.962093336868861
0.62,194182.365270356,7650.8947729958,0.962092993140216
0.62,194483.227851702,7662.86096750127,0.962092459902329
0.62,194783.996649606,7674.86332977203,0.962091738881895
0.62,195085.379403811,7686.93019009226,0.962090828844002
0.62,195387.37480275,7699.06172593877,0.962089729587376
0.62,195689.981522776,7711.25811575723,0.96208844090891
0.62,195992.501643434,7723.49132407835,0.962086966214233
0.62,196295.627512176,7735.78944191301,0.962085302560763
0.62,196599.357681251,7748.15264470437,0.962083449745264
0.62,196903.690689943,7760.5811088156,0.962081407562692
0.62,197207.944469115,7773.04708020293,0.962079180994045
0.62,197512.795356604,7785.57837082903,0.962076765492718
0.62,197818.241765632,7798.17515393303,0.962074160853685
0.62,198124.282095574,7810.83760362383,0.962071366870144
0.62,198430.250745662,7823.53828806107,0.962068389993156
0.62,198736.807421495,7836.30469926408,0.962065224177466
0.62,199043.950393863,7849.13700806984,0.962061869216436
0.62,199351.677918842,7862.03538613297,0.962058324901684
0.62,199659.341498713,7874.97276627259,0.962054599047088
0.62,199967.583566794,7887.97627800407,0.96205068421603
0.62,200276.402248412,7901.04608957354,0.962046580200436
0.62,200585.795652756,7914.18236996724,0.96204228679053
0.62,200895.13303428,7927.35846073035,0.962037813053678
0.62,201205.038899566,7940.6010847082,0.96203315027124
0.62,201515.511224694,7953.91040732973,0.962028298233895
0.62,201826.547969321,7967.28659473211,0.962023256730647
0.62,202137.536795749,7980.70344258666,0.962018035970917
0.62,202449.083621679,7994.18722152237,0.962012626065489
0.62,202761.186271295,8007.7380939664,0.962007026803965
0.62,203073.842551522,8021.35622299714,0.962001237974317
0.62,203386.459207687,8035.01590576077,0.961995270814144
0.62,203699.622887184,8048.74291318858,0.961989114377503
0.62,204013.33125929,8062.53740450017,0.961982768453105
0.62,204327.581974637,8076.39953948257,0.961976232828076
0.62,204641.8015462,8090.30416568952,0.961969519651883
0.62,204956.556660948,8104.27650532474,0.961962617038111
0.62,205271.844829109,8118.31671413781,0.96195552477478
0.62,205587.66354205,8132.4249484102,0.961948242648359
0.62,205903.459776584,8146.57665677688,0.961940783601253
0.62,206219.779556231,8160.79646188737,0.961933134925444
0.62,206536.620229777,8175.08451582818,0.961925296408437
0.62,206853.979126376,8189.44097115584,0.961917267836228
0.62,207171.324394273,8203.841930063,0.961909062822458
0.62,207489.180679111,8218.31136301836,0.961900667959121
0.62,207807.54516472,8232.84941819512,0.96189208303341
0.62,208126.415015134,8247.45624419963,0.961883307831033
0.62,208445.280273083,8262.10865132155,0.961874356512119
0.62,208764.643476648,8276.82990317212,0.961865215093303
0.62,209084.501641799,8291.62014378117,0.961855883361651
0.62,209404.851763415,8306.47951751956,0.961846361102809
0.62,209725.206510365,8321.38559914221,0.961836662895593
0.62,210046.045574464,8336.36088888058,0.961826774308947
0.62,210367.365801369,8351.40552640327,0.961816695129986
0.62,210689.164014371,8366.51965162595,0.961806425144473
0.62,211010.976253702,8381.68166227554,0.961795979218751
0.62,211333.258612653,8396.91323654837,0.961785342605061
0.62,211656.007762395,8412.2145094455,0.961774515090805
0.62,211979.220351673,8427.58561617435,0.961763496462066
0.62,212302.456548334,8443.00583804808,0.961752301738054
0.62,212626.148083243,8458.49597043866,0.961740915988788
0.62,212950.291450743,8474.05614344957,0.96172933900214
0.62,213274.883122741,8489.6864873501,0.96171757056469
0.62,213599.508158756,8505.36722969511,0.961705625710288
0.62,213924.573155306,8521.11822019441,0.96169348946476
0.62,214250.074427046,8536.93958379065,0.961681161616649
0.62,214576.008265032,8552.83144549252,0.961668641953284
0.62,214901.985398178,8568.77504416631,0.96165594538093
0.62,215228.386503446,8584.78921862932,0.961643057023195
0.62,215555.207713231,8600.87408840358,0.961629976669494
0.62,215882.445135808,8617.02977300523,0.961616704108082
0.62,216209.735957139,8633.23859001855,0.961603253971327
0.62,216537.434138685,8649.51829976646,0.961589611626675
0.62,216865.535627287,8665.86901604513,0.961575776864646
0.62,217194.036345807,8682.29085260181,0.961561749474635
0.62,217522.600733376,8698.76727551051,0.961547543664537
0.62,217851.555231304,8715.31489662309,0.961533145195932
0.62,218180.895599313,8731.93382377923,0.961518553860619
0.62,218510.617571511,8748.62416463431,0.961503769449378
0.62,218840.41364465,8765.37060598839,0.961488805590564
0.62,219170.581927292,8782.1885388037,0.961473648594633
0.62,219501.117988764,8799.07806463579,0.96145829825491
0.62,219832.01737303,8816.03928481155,0.961442754363733
0.62,220163.001451349,8833.05818188169,0.961427029809906
0.62,220494.339173477,8850.14885066503,0.961411111612443
0.62,220826.025916205,8867.31138615095,0.961394999566407
0.62,221158.057030673,8884.54588302399,0.961378693465935
0.62,221490.183580022,8901.83969690391,0.961362205295606
0.62,221822.644528806,8919.20554892686,0.961345522947302
0.62,222155.435059295,8936.64352722903,0.961328646218035
0.62,222488.550327881,8954.15371956513,0.961311574903958
0.62,222821.771921639,8971.72493509272,0.961294319915118
0.62,223155.307978641,8989.36844057091,0.961276870186169
0.62,223489.153484596,9007.08431698049,0.961259225516296
0.62,223823.303398557,9024.8726448103,0.961241385703921
0.62,224157.570666714,9042.72376990765,0.961223360408898
0.62,224492.131756629,9060.64742129961,0.961205139783856
0.62,224826.981454746,9078.64367245972,0.961186723630428
0.62,225162.114522023,9096.71259635801,0.961168111749484
0.62,225497.376105006,9114.84616165578,0.961149312369175
0.62,225832.910148975,9133.05247323547,0.961130317041196
0.62,226168.711240672,9151.33159681821,0.961111125569793
0.62,226504.773940115,9169.68359747604,0.961091737758584
0.62,226840.976442707,9188.10215599285,0.961072160216265
0.62,227177.429313638,9206.5936635789,0.961052386080821
0.62,227514.126937629,9225.15817784166,0.961032415159393
0.62,227851.063673406,9243.79575569532,0.96101224725853
0.62,228188.151612718,9262.50188223927,0.960991887173577
0.62,228525.467082798,9281.28114254442,0.96097132982219
0.62,228863.004265297,9300.13358579609,0.960950575014632
0.62,229200.757315433,9319.05926037282,0.960929622560685
0.62,229538.67307878,9338.05555153266,0.960908475241285
0.62,229876.792777375,9357.12514212918,0.960887129954216
0.62,230215.11038814,9376.26807256643,0.960865586513147
0.62,230553.61986312,9395.48438243444,0.960843844731258
0.62,230892.303652875,9414.77345590355,0.960821905167438
0.62,231231.167011406,9434.13597451555,0.960799766906709
0.62,231570.203711405,9453.57196963815,0.960777429766313
0.62,231909.407499825,9473.08147167596,0.96075489356316
0.62,232248.797295003,9492.66596656666,0.9607321564183
0.62,232588.3415099,9512.32403143362,0.960709219819102
0.62,232928.033711645,9532.05568823167,0.960686083586685
0.62,233267.867442779,9551.86095791225,0.960662747541871
0.62,233607.898940665,9571.74353400056,0.960639207144991
0.62,233948.058914263,9591.69978304389,0.960615466508016
0.62,234288.340725589,9611.72971729068,0.960591525456153
0.62,234628.737712069,9631.83334787329,0.960567383814436
0.62,234969.344286898,9652.01668586774,0.96054303415088
0.62,235310.052587577,9672.27377701161,0.960518483432894
0.62,235650.855770508,9692.60462347844,0.960493731490077
0.62,235991.746968266,9713.00922625073,0.960468778151933
0.62,236332.859622423,9733.49602770298,0.960443612853995
0.62,236674.04643476,9754.05663868595,0.960418245658537
0.62,237015.300356971,9774.6910509913,0.960392676399778
0.62,237356.61431782,9795.39925514675,0.960366904911924
0.62,237698.16163717,9816.19224267315,0.960340917248628
0.62,238039.754719463,9837.05907136229,0.960314726815621
0.62,238381.38631211,9857.99972226686,0.960288333452042
0.62,238723.049140634,9879.0141751043,0.9602617369971
0.62,239064.957245581,9900.11609242489,0.960234919863703
0.62,239406.881880183,9921.29185677008,0.960207899059024
0.62,239748.815588604,9942.54143810953,0.960180674427406
0.62,240090.750894948,9963.86480504818,0.960153245813297
0.62,240432.943395743,9985.27841735215,0.960125591719899
0.62,240775.122345193,10006.7658557584,0.960097733023926
0.62,241117.280086103,10028.3270788376,0.960069669575182
0.62,241459.408943198,10049.9620437703,0.960041401223611
0.62,241801.806894476,10071.6901381156,0.960012902283195
0.62,242144.160356718,10093.4920098384,0.959984197778806
0.62,242486.461474345,10115.3676058387,0.95995528756592
0.62,242828.702374567,10137.316871524,0.959926171500283
0.62,243171.224233208,10159.3622575306,0.959896819415835
0.62,243513.669801685,10181.4813434642,0.959867260775359
0.62,243856.031027576,10203.6740641661,0.959837495440367
0.62,244198.299842933,10225.9403529251,0.959807523272731
0.62,244540.861427835,10248.3058636893,0.959777309323503
0.62,244883.314049315,10270.7449671087,0.959746887795159
0.62,245225.649462078,10293.2575857039,0.959716258555461
0.62,245567.859406522,10315.8436403468,0.959685421472671
0.62,245910.373854623,10338.532133214,0.959654336500056
0.62,246252.745788663,10361.2940807143,0.959623042893567
0.62,246594.966773289,10384.1293926834,0.959591540527574
0.62,246937.028361522,10407.0379772983,0.959559829276979
0.62,247279.40609012,10430.0523351444,0.959527863669121
0.62,247621.606870249,10453.1399777936,0.959495688340446
0.62,247963.622081788,10476.3008021652,0.959463303172129
0.62,248305.443094604,10499.5347034316,0.959430708046021
0.62,248647.59176539,10522.8778361785,0.959397851721472
0.62,248989.52816651,10546.294051201,0.959364784556198
0.62,249331.243496876,10569.783232139,0.959331506438566
0.62,249672.728948463,10593.3452608875,0.959298017257653
0.62,250014.553430384,10617.0201070654,0.959264259648343
0.62,250356.129430686,10640.7677992779,0.95923029004478
0.62,250697.447973228,10664.5882076329,0.959196108342785
0.62,251038.50007759,10688.4812004583,0.959161714438974
0.62,251379.902417921,10712.4907294594,0.959127044471544
0.62,251721.019172235,10736.572833619,0.959092161321897
0.62,252061.84119531,10760.7273692292,0.959057064893623
0.62,252402.359341146,10784.9541908185,0.959021755091137
0.62,252743.238733247,10809.3014050771,0.958986161167698
0.62,253083.794542141,10833.7208880867,0.958950352838742
0.62,253424.017460425,10858.2124820695,0.958914330015938
0.62,253763.898183019,10882.7760274622,0.958878092611862
0.62,254104.150940773,10907.4639652566,0.958841562589156
0.62,254444.04122559,10932.2238289396,0.958804816901416
0.62,254783.559575958,10957.0554464544,0.958767855468648
0.62,255122.696536028,10981.9586439461,0.958730678211854
0.62,255462.216069573,11006.9903824693,0.958693199379305
0.62,255801.333351155,11032.0936667815,0.958655503584864
0.62,256140.038773202,11057.2683102973,0.958617590757223
0.62,256478.322737375,11082.5141246277,0.958579460826161
0.62,256816.99953602,11107.8927837745,0.958541019882109
0.62,257155.233417412,11133.3425705003,0.958502360640947
0.62,257493.014638035,11158.8632835526,0.958463483040273
0.62,257830.333466816,11184.454719833,0.958424387018929
0.62,258168.05508011,11210.1834660641,0.958384970045965
0.62,258505.292231856,11235.9828829136,0.958345333400931
0.62,258842.035051748,11261.852754208,0.958305477030754
0.62,259178.273686002,11287.7928619404,0.958265400883702
0.62,259514.924714595,11313.874913105,0.958224993321767
0.62,259851.048864806,11340.0271383945,0.958184364671864
0.62,260186.636151048,11366.2493065935,0.958143514890523
0.62,260521.676608607,11392.5411846757,0.958102443935695
0.62,260857.1386973,11418.9798152653,0.958061030553665
0.62,261192.03062813,11445.4880833451,0.958019394625369
0.62,261526.342312304,11472.0657425328,0.957977536117249
0.62,261860.063687112,11498.7125447175,0.957935454997188
0.62,262194.21552242,11525.5110917512,0.957893019862623
0.62,262527.753070148,11552.3786989974,0.957850360679453
0.62,262860.666151171,11579.3151047966,0.957807477424375
0.62,263192.944617328,11606.320045807,0.957764370075609
0.62,263525.661933399,11633.4819156924,0.957720896522077
0.62,263857.719995164,11660.7122273401,0.95767719737196
0.62,264189.108547899,11688.0107038004,0.957633272612446
0.62,264519.817372404,11715.3770664516,0.957589122232414
0.62,264850.972958831,11742.9057423531,0.957544592825066
0.62,265181.423504216,11770.5022000696,0.957499836225593
0.62,265511.158693265,11798.1661473205,0.957454852432017
0.62,265840.168251059,11825.8972901746,0.957409641444217
0.62,266169.631969799,11853.7963405099,0.957364037942588
0.62,266498.344059634,11881.762470948,0.957318205603737
0.62,266826.294160288,11909.7953738244,0.957272144436945
0.62,267153.471958768,11937.8947400087,0.957225854453272
0.62,267481.110768226,11966.1678279873,0.957179157771374
0.62,267807.950580696,11994.5072523886,0.957132230555516
0.62,268133.981009463,12022.9126903028,0.957085072826417
0.62,268459.191720518,12051.3838174046,0.957037684606742
0.62,268784.869704325,12080.0347114602,0.956989874770622
0.62,269109.700567671,12108.7511563137,0.956941832649735
0.62,269433.673915994,12137.5328138954,0.956893558276579
0.62,269756.779413161,12166.3793447845,0.956845051685767
0.62,270080.357817851,12195.4119303204,0.956796107787784
0.62,270403.040250129,12224.5092391817,0.956746929797641
0.62,270724.816327271,12253.6709182551,0.956697517759987
0.62,271045.675732138,12282.8966132587,0.956647871721582
0.62,271367.013012853,12312.3149057226,0.956597771871285
0.62,271687.404770639,12341.7970524413,0.956547436062124
0.62,272006.840656561,12371.3426855122,0.95649686435112
0.62,272325.310393572,12400.9514359616,0.956446056797578
0.62,272644.262269364,12430.7595954892,0.956394778068693
0.62,272962.218406913,12460.6306990902,0.956343261451845
0.62,273279.168512881,12490.5643642454,0.956291507016889
0.62,273595.102374073,12520.5602076356,0.956239514835858
0.62,273911.521888143,12550.7625549382,0.95618703320984
0.62,274226.89481956,12581.0268955698,0.956134311701245
0.62,274541.210955832,12611.3528328189,0.956081350392884
0.62,274854.460170922,12641.7399692543,0.956028149370007
0.62,275168.197768133,12672.3410040219,0.955974439673861
0.62,275480.837349672,12703.0030417003,0.955920488031359
0.62,275792.368808728,12733.7256716996,0.955866294538696
0.62,276102.782132644,12764.5084829142,0.955811859294578
0.62,276413.685734672,12795.5129030272,0.955756895135772
0.62,276723.439341902,12826.5772969216,0.955701686893974
0.62,277032.032980622,12857.7012406165,0.955646234678998
0.62,277339.456779208,12888.8843098393,0.955590538603242
0.62,277647.371879538,12920.2970336354,0.955534292297688
0.62,277954.084507301,12951.7686647127,0.955477799695373
0.62,278259.5848499,12983.2987661705,0.955421060920116
0.62,278563.863205541,13014.8869011142,0.955364076098298
0.62,278868.632970954,13046.7130916467,0.955306518593069
0.62,279172.147337214,13078.5970870595,0.955248712495758
0.62,279474.396683283,13110.5384381686,0.955190657944414
0.62,279775.371507332,13142.5366960616,0.955132355079718
0.62,280076.836892735,13174.7817882308,0.95507345586875
0.62,280376.99355778,13207.0835487947,0.955014305683887
0.62,280675.832104471,13239.4415169498,0.954954904677724
0.62,280973.343263143,13271.8552325066,0.954895253005453
0.62,281271.343126715,13304.5249619216,0.954834980040122
0.62,281567.980612093,13337.2501912709,0.954774453627227
0.62,281863.246577567,13370.0304488992,0.954713673934186
0.62,282157.132018553,13402.8652640739,0.954652641131075
0.62,282451.503262615,13435.9657005878,0.954590960720075
0.62,282744.458195059,13469.1204389583,0.954529024290274
0.62,283035.987965793,13502.3289975903,0.95446683202408
0.62,283326.083870331,13535.5908960872,0.954404384106714
0.62,283616.661583966,13569.1284798267,0.95434126080889
0.62,283905.768842796,13602.7191405365,0.954277878817029
0.62,284193.397124487,13636.3623875963,0.95421423832885
0.62,284479.538061411,13670.0577319377,0.954150339544942
0.62,284766.155669509,13704.0393125712,0.954085736053498
0.62,285051.24853887,13738.0727215807,0.954020871081917
0.62,285334.808513005,13772.1574603706,0.95395574484348
0.62,285616.827599344,13806.2930322726,0.95389035755439
0.62,285899.317035498,13840.7259139504,0.953824234567536
0.62,286180.227381078,13875.2093552175,0.953757847196044
0.62,286459.550885019,13909.7428506366,0.953691195669028
0.62,286737.279969909,13944.3258971518,0.953624280218468
0.62,287015.471847778,13979.2178867113,0.953556596300611
0.62,287292.030291753,14014.1591507977,0.953488644967017
0.62,287566.947998158,14049.1491784672,0.953420426462716
0.62,287840.21784537,14084.1874614639,0.953351941035867
0.62,288113.941634479,14119.5469209425,0.95328265246704
0.62,288385.977735754,14154.9543580697,0.953213093315651
0.62,288656.319334997,14190.4092576529,0.953143263843078
0.62,288924.959809806,14225.9111076854,0.953073164313761
0.62,289194.04404289,14261.747015233,0.953002224918814
0.62,289461.386506272,14297.6295964931,0.952931011629113
0.62,289726.980920422,14333.5583335869,0.952859524722434
0.62,289990.821206827,14369.5327122833,0.952787764479659
0.62,290255.093666412,14405.8547256126,0.952715125447992
0.62,290517.57053413,14442.2221071196,0.952642209053083
0.62,290778.24611103,14478.6343378076,0.952569015589366
0.62,291037.114908691,14515.0909028669,0.952495545354306
0.62,291296.402848577,14551.9094331763,0.952421155033967
0.62,291553.841723827,14588.7720304325,0.952346483713819
0.62,291809.426464364,14625.6781763273,0.952271531704971
0.62,292063.152218747,14662.627357125,0.952196299321825
0.62,292317.282559393,14699.953646335,0.952120103001368
0.62,292569.510805469,14737.3227121476,0.952043621863349
0.62,292819.83256426,14774.7340386849,0.951966856235934
0.62,293068.243671145,14812.1871152751,0.95188980645038
0.62,293317.043227722,14850.0333256111,0.951811746109611
0.62,293563.888197783,14887.9210402159,0.951733396938098
0.62,293808.774917027,14925.8497476683,0.951654759281118
0.62,294051.699957577,14963.8189422867,0.951575833487069
0.62,294294.995650815,15002.1982526166,0.951495847526827
0.62,294536.284901039,15040.6178206903,0.95141556851155
0.62,294775.564824961,15079.077141724,0.951334996803613
0.62,295012.832783278,15117.5757171621,0.951254132768665
0.62,295250.451857356,15156.5024308777,0.951172155708845
0.62,295486.013367217,15195.4681902446,0.951089881141068
0.62,295719.515263829,15234.4724993175,0.951007309445018
0.62,295950.955749941,15273.5148689967,0.950924441003556
0.62,296182.72598263,15313.0045329571,0.95084040314899
0.62,296412.388365878,15352.5320742354,0.95075606308573
0.62,296639.941740092,15392.0970081651,0.950671421210746
0.62,296865.385203961,15431.6988574323,0.950586477924339
0.62,297091.135112632,15471.7683944645,0.950500304991846
0.62,297314.727824086,15511.8746944097,0.950413824880854
0.62,297536.163124374,15552.0172864244,0.950327038005655
0.62,297755.441063996,15592.1957075891,0.950239944783898
0.62,297975.000103858,15632.8635643758,0.950151557484815
0.62,298192.353638267,15673.5671347794,0.950062857744556
0.62,298407.502456,15714.3059644108,0.949973845994866
0.62,298620.447615665,15755.079607377,0.949884522670878
0.62,298833.646348847,15796.3659165629,0.949793836249678
0.62,299044.592408554,15837.6869671448,0.949702831805761
0.62,299253.287645165,15879.0423240873,0.949611509788169
0.62,299459.734183334,15920.4315614205,0.949519870649363
0.62,299666.404444177,15962.3583255603,0.949426794359659
0.62,299870.776104161,16004.3189492129,0.949333394117353
0.62,300072.852134669,16046.3130196486,0.949239670388806
0.62,300272.635784761,16088.3401337645,0.949145623643835
0.62,300472.610811798,16130.9314297145,0.949050060161963
0.62,300670.242648669,16173.5558079112,0.948954166416713
0.62,300865.535448461,16216.2128810977,0.948857942891612
0.62,301058.49364416,16258.9022721911,0.948761390073688
0.62,301251.608177182,16302.184479782,0.948663234838475
0.62,301442.336363397,16345.4991125836,0.948564742611682
0.62,301630.6835994,16388.8458121763,0.948465913893715
0.62,301816.655562288,16432.2242307824,0.948366749188664
0.62,302002.745904786,16476.2262912322,0.948265889651605
0.62,302186.408267328,16520.2602572524,0.948164685936033
0.62,302367.649352047,16564.3258026466,0.948063138559211
0.62,302546.476140979,16608.422612361,0.94796124804214
0.62,302725.380163437,16653.1763174656,0.947857562821499
0.62,302901.816181026,16697.9615644733,0.94775352573064
0.62,303075.792264661,16742.7780630414,0.947649137303422
0.62,303247.316763122,16787.6255344972,0.947544398077365
0.62,303418.873861368,16833.1658575996,0.947437755986281
0.62,303587.924616326,16878.7375353974,0.947330753776172
0.62,303754.478531658,16924.3403171828,0.947223391997211
0.62,303918.545384973,16969.9739644016,0.947115671203166
0.62,304082.596353549,17016.3394332793,0.947005930145542
0.62,304244.104396482,17062.7362684871,0.946895820104003
0.62,304403.080515379,17109.1642630301,0.946785341644384
0.62,304559.535979367,17155.6232223765,0.946674495336359
0.62,304715.922801092,17202.8563452593,0.946561501038004
0.62,304869.731931151,17250.1210698306,0.94644812820718
0.62,305020.975934454,17297.4172368872,0.946334377425082
0.62,305169.667634963,17344.7446999954,0.946220249276856
0.62,305318.233169301,17392.8924545321,0.946103833820697
0.62,305464.188109811,17441.0722971735,0.945987029523176
0.62,305607.546651255,17489.2841208614,0.945869836980243
0.62,305748.323236475,17537.5278315364,0.945752256791941
0.62,305888.910796559,17586.6422326199,0.945632236909621
0.62,306026.856757278,17635.7894896925,0.945511817028662
0.62,306162.177010934,17684.9695524403,0.94539099775894
0.62,306294.887684157,17734.1823836871,0.945269779714598
0.62,306427.340432289,17784.3211303498,0.945145954822745
0.62,306557.122488766,17834.4938164207,0.945021717825031
0.62,306684.251512071,17884.7004530689,0.944897069344483
0.62,306808.745378378,17934.9410646952,0.944772010008456
0.62,306932.905580829,17986.1683079079,0.944644159874508
0.62,307054.367907902,18037.4309276523,0.944515884460141
0.62,307173.151854701,18088.7290016843,0.94438718440028
0.62,307289.277113572,18140.0626207759,0.944258060334745
0.62,307404.985148603,18192.4498535567,0.94412594235137
0.62,307517.970004917,18244.8742969567,0.943993384708878
0.62,307628.253086101,18297.3361005059,0.943860388053084
0.62,307735.855969277,18349.8354265752,0.943726953034871
0.62,307842.949089686,18403.4625441039,0.943590298964693
0.62,307947.295550766,18457.1291524392,0.943453189492692
0.62,308048.918739161,18510.8354785007,0.943315625274011
0.62,308147.842187234,18564.5817617046,0.9431776069691
0.62,308246.152951864,18619.5383229055,0.943036119054619
0.62,308341.695306994,18674.5371576762,0.942894158443056
0.62,308434.494700095,18729.5785763327,0.942751725796898
0.62,308524.576691776,18784.6629010219,0.942608821784586
0.62,308613.930989745,18841.0496436637,0.942462168059808
0.62,308700.496724412,18897.4820106734,0.942315022566256
0.62,308784.301485726,18953.9604020561,0.942167385971718
0.62,308865.372939299,19010.4852288135,0.942019258950544
0.62,308945.58751056,19068.4159104528,0.941867067528888
0.62,309022.994775534,19126.3962117129,0.941714363222889
0.62,309097.624553838,19184.4266291317,0.941561146702964
0.62,309169.506697687,19242.5076691406,0.941407418646849
0.62,309240.386015617,19302.1113314693,0.941249270680871
0.62,309308.440445727,19361.7693434623,0.9410905863483
0.62,309373.702131677,19421.4823056287,0.940931366318925
0.62,309436.203200443,19481.250827012,0.940771611270632
0.62,309497.535513921,19542.6746022945,0.94060703220621
0.62,309556.026190748,19604.158300091,0.940441890532977
0.62,309611.709802568,19665.7026330946,0.940276186915988
0.62,309664.620847886,19727.308320736,0.940109922029579
0.62,309716.17313792,19790.7209677971,0.939938370571853
0.62,309764.867444987,19854.2000838884,0.939766227018559
0.62,309810.740885309,19917.7465029593,0.939593492025136
0.62,309853.830437388,19981.3610633843,0.939420166257979
0.62,309895.341918367,20046.9574875128,0.939241020252296
0.62,309933.978910518,20112.6280614226,0.939061248815891
0.62,309969.781208362,20178.3737506112,0.938880852588382
0.62,310002.788394877,20244.195522207,0.938699832222268
0.62,310033.962025764,20312.2026428518,0.938512370309406
0.62,310062.243766605,20380.2929287685,0.93832424501826
0.62,310087.676247075,20448.4674888063,0.938135456964894
0.62,310110.301800629,20516.7274299808,0.937946006780739
0.62,310130.793029266,20587.4119580734,0.937749384074997
0.62,310148.37309955,20658.1902563583,0.937552054449015
0.62,310163.08766487,20729.0635908305,0.937354018485582
0.62,310174.981984848,20800.0332213483,0.937155276786104
0.62,310184.383520215,20873.7121836567,0.936948491957955
0.62,310190.851462806,20947.4974405141,0.936740949787637
0.62,310194.434722364,21021.3904317161,0.936532650811787
0.62,310195.181701767,21095.3925854847,0.936323595590155
